Date,Open,Last,High,Low,Range,Volume,3Y POC,VWAP,YTD POC,1Y POC,1WK POC
2020/3/9,2882.00,2713.75,2882.00,2681.00,201.00,2672753,0.00,0.00,0.00,0.00,0.00
2020/3/10,2699.00,2831.75,2850.75,2661.25,189.50,3423140,3984.00,0.00,0.00,0.00,0.00
2020/3/11,2825.50,2706.25,2835.50,2668.75,166.75,2992894,3984.00,0.00,0.00,0.00,0.00
2020/3/12,2704.00,2435.00,2740.00,2408.50,331.50,4366577,3984.00,0.00,0.00,0.00,0.00
2020/3/13,2395.50,2662.00,2673.75,2359.50,314.25,3423449,3984.00,0.00,0.00,0.00,0.00
2020/3/16,2609.50,2383.25,2630.00,2328.00,302.00,3539756,3984.00,0.00,0.00,0.00,0.00
2020/3/17,2385.00,2463.50,2520.75,2330.00,190.75,3788132,3984.00,0.00,0.00,0.00,0.00
2020/3/18,2445.50,2379.50,2464.25,2240.00,224.25,3255696,3984.00,0.00,0.00,0.00,0.00
2020/3/19,2380.50,2367.00,2438.00,2253.00,185.00,3127808,3984.00,2367.00,0.00,0.00,0.00
2020/3/20,2329.00,2266.50,2477.00,2238.00,239.00,3075997,3984.00,2317.17,0.00,0.00,0.00
2020/3/23,2198.25,2198.50,2364.00,2152.00,212.00,3076791,3984.00,2277.83,0.00,0.00,0.00
2020/3/24,2211.25,2416.00,2425.75,2208.50,217.25,2639522,3984.00,2308.42,0.00,0.00,0.00
2020/3/25,2420.75,2445.00,2538.75,2364.00,174.75,3037767,3984.00,2336.16,0.00,0.00,0.00
2020/3/26,2449.00,2586.00,2603.75,2380.25,223.50,2413913,3984.00,2370.88,0.00,0.00,0.00
2020/3/27,2605.75,2502.00,2612.50,2483.25,129.25,2320755,3984.00,2386.33,0.00,0.00,0.00
2020/3/30,2437.00,2589.25,2599.75,2423.00,176.75,1837692,3984.00,2403.65,0.00,0.00,0.00
2020/3/31,2591.25,2547.75,2613.75,2533.75,80.00,2248012,3984.00,2417.27,0.00,0.00,0.00
2020/4/1,2540.00,2426.00,2540.25,2412.25,128.00,2091378,3984.00,2417.98,0.00,0.00,0.00
2020/4/2,2437.00,2494.50,2503.00,2402.75,100.25,2145458,3984.00,2423.84,0.00,0.00,0.00
2020/4/3,2491.75,2460.75,2507.50,2427.00,80.50,1763886,3984.00,2426.03,0.00,0.00,0.00
2020/4/6,2463.00,2622.50,2646.50,2462.75,183.75,2034419,3984.00,2438.59,0.00,0.00,0.00
2020/4/7,2623.50,2620.00,2728.00,2601.50,126.50,2486524,3984.00,2451.74,0.00,0.00,0.00
2020/4/8,2618.50,2713.00,2730.50,2598.75,131.75,1920688,3984.00,2465.59,0.00,0.00,0.00
2020/4/9,2715.75,2757.75,2787.50,2678.75,108.75,2342733,3984.00,2483.34,0.00,0.00,0.00
2020/4/13,2789.00,2737.25,2797.50,2689.00,108.50,1571402,3984.00,2493.28,0.00,0.00,0.00
2020/4/14,2738.00,2821.00,2824.00,2730.50,93.50,1716496,3984.00,2506.73,0.00,0.00,0.00
2020/4/15,2821.75,2753.00,2823.50,2729.25,94.25,1831570,3984.00,2517.05,0.00,0.00,0.00
2020/4/16,2745.75,2765.50,2809.50,2724.00,85.50,1749108,3984.00,2526.62,0.00,0.00,0.00
2020/4/17,2841.00,2848.00,2863.00,2799.00,64.00,1924019,3984.00,2539.67,0.00,0.00,0.00
2020/4/20,2839.50,2784.50,2853.50,2782.25,71.25,1566934,3984.00,2547.52,0.00,0.00,0.00
2020/4/21,2785.00,2710.00,2811.25,2695.25,116.00,1969844,3984.00,2553.80,0.00,0.00,0.00
2020/4/22,2715.25,2766.50,2786.00,2695.25,90.75,1369529,3984.00,2559.38,0.00,0.00,0.00
2020/4/23,2768.50,2758.75,2814.75,2750.75,64.00,1703918,3984.00,2565.67,0.00,0.00,0.00
2020/4/24,2755.00,2807.50,2813.00,2733.25,79.75,1293756,3984.00,2571.33,0.00,0.00,0.00
2020/4/27,2807.00,2847.00,2859.25,2790.75,68.50,1224445,3984.00,2577.31,0.00,0.00,0.00
2020/4/28,2845.75,2845.25,2891.50,2829.00,62.50,1614021,3984.00,2584.75,0.00,0.00,0.00
2020/4/29,2848.50,2919.00,2937.75,2838.75,99.00,1737371,3984.00,2594.46,0.00,0.00,0.00
2020/4/30,2934.50,2880.50,2943.00,2856.00,87.00,2027924,3984.00,2603.84,0.00,0.00,0.00
2020/5/1,2849.50,2799.75,2857.75,2789.75,68.00,1647259,3984.00,2608.92,0.00,0.00,0.00
2020/5/4,2767.00,2803.25,2813.75,2749.00,64.75,1510680,3984.00,2613.43,0.00,0.00,0.00
2020/5/5,2805.00,2836.25,2867.75,2802.50,65.25,1474765,3984.00,2618.37,0.00,0.00,0.00
2020/5/6,2835.75,2811.50,2864.25,2810.00,54.25,1466641,3984.00,2622.54,0.00,0.00,0.00
2020/5/7,2810.00,2858.00,2873.00,2801.00,72.00,1494330,3984.00,2627.61,0.00,0.00,0.00
2020/5/8,2860.00,2906.50,2911.00,2857.75,53.25,1326254,3984.00,2632.83,0.00,0.00,0.00
2020/5/11,2898.75,2900.75,2925.00,2867.75,57.25,1528302,3984.00,2638.50,0.00,0.00,0.00
2020/5/12,2897.25,2830.50,2917.25,2816.00,101.25,1824303,3984.00,2643.22,0.00,0.00,0.00
2020/5/13,2817.75,2791.00,2854.75,2764.00,90.75,2591379,3984.00,2648.21,0.00,0.00,0.00
2020/5/14,2798.25,2825.00,2831.75,2738.25,93.50,2501222,3984.00,2653.79,0.00,0.00,0.00
2020/5/15,2824.25,2824.50,2841.50,2787.50,54.00,1897194,3984.00,2657.78,0.00,0.00,0.00
2020/5/18,2837.75,2926.00,2942.75,2828.00,114.75,1775433,3984.00,2663.53,0.00,0.00,0.00
2020/5/19,2923.00,2896.75,2954.25,2892.25,62.00,1567224,3984.00,2667.86,0.00,0.00,0.00
2020/5/20,2891.50,2946.50,2953.75,2886.50,67.25,1532404,3984.00,2672.82,0.00,0.00,0.00
2020/5/21,2950.25,2915.00,2951.50,2911.00,40.50,1608225,3984.00,2677.27,0.00,0.00,0.00
2020/5/22,2914.75,2931.00,2935.50,2881.75,53.75,1377263,3984.00,2681.19,0.00,0.00,0.00
2020/5/26,2926.50,2972.50,2997.75,2925.50,72.25,1797241,3984.00,2686.96,0.00,0.00,0.00
2020/5/27,2972.00,3013.50,3017.50,2943.50,74.00,2109332,3984.00,2694.38,0.00,0.00,0.00
2020/5/28,3013.00,3016.00,3043.50,2997.50,46.00,1881295,3984.00,2700.76,0.00,0.00,0.00
2020/5/29,3014.00,3020.00,3036.25,2970.00,66.25,2258009,3984.00,2708.19,0.00,0.00,0.00
2020/6/1,3007.75,3032.00,3037.00,2986.00,51.00,1277803,3984.00,2712.40,0.00,0.00,0.00
2020/6/2,3030.75,3055.00,3057.00,3013.00,44.00,1458830,3984.00,2717.41,0.00,0.00,0.00
2020/6/3,3056.00,3095.75,3107.50,3052.25,55.25,1623708,3984.00,2723.47,0.00,0.00,0.00
2020/6/4,3095.75,3088.50,3104.75,3065.50,39.25,1830904,3984.00,2729.94,0.00,0.00,0.00
2020/6/5,3091.25,3164.75,3188.50,3084.50,104.00,2444330,3984.00,2740.00,0.00,0.00,0.00
2020/6/8,3170.50,3205.50,3209.25,3161.25,48.00,1602601,3984.00,2746.95,0.00,0.00,0.00
2020/6/9,3205.75,3183.50,3209.00,3168.00,41.00,1695764,3984.00,2753.75,0.00,0.00,0.00
2020/6/10,3182.75,3164.00,3205.25,3157.75,47.50,1996065,3984.00,2761.13,0.00,0.00,0.00
2020/6/11,3161.75,2988.25,3166.50,2974.25,192.25,3528726,3984.00,2768.13,0.00,0.00,0.00
2020/6/12,2989.75,3012.75,3065.75,2960.00,105.75,2872339,3984.00,2774.11,0.00,0.00,0.00
2020/6/15,2972.25,3051.00,3057.25,2912.75,144.50,2970664,3984.00,2780.95,0.00,0.00,0.00
2020/6/16,3054.25,3107.25,3145.25,3049.25,96.00,2997253,3984.00,2788.88,0.00,0.00,0.00
2020/6/17,3100.75,3096.00,3136.00,3083.50,52.50,1850300,3984.00,2793.42,0.00,0.00,0.00
2020/6/18,3093.00,3087.00,3109.00,3053.50,55.50,1636217,3984.00,2797.21,0.00,0.00,0.00
2020/6/19,3085.75,3048.50,3133.75,3045.75,88.00,1952273,3984.00,2801.02,0.00,0.00,0.00
2020/6/22,3029.25,3099.75,3103.25,3016.25,87.00,1392325,3984.00,2804.21,0.00,0.00,0.00
2020/6/23,3100.75,3107.50,3134.75,3049.00,85.75,1528485,3984.00,2807.73,0.00,0.00,0.00
2020/6/24,3102.25,3038.00,3117.50,3008.75,108.75,2387916,3984.00,2811.83,0.00,0.00,0.00
2020/6/25,3035.75,3059.75,3068.50,2994.00,74.50,1967245,3984.00,2815.42,0.00,0.00,0.00
2020/6/26,3060.25,2996.00,3071.00,2981.50,89.50,2208418,3984.00,2818.30,0.00,0.00,0.00
2020/6/29,2975.25,3036.75,3040.25,2972.50,67.75,1585146,3984.00,2820.78,0.00,0.00,0.00
2020/6/30,3035.00,3079.25,3090.25,3019.25,71.00,1724164,3984.00,2823.93,0.00,0.00,0.00
2020/7/1,3074.25,3092.00,3106.75,3051.75,55.00,1537321,3984.00,2826.81,0.00,0.00,0.00
2020/7/2,3090.75,3118.00,3145.50,3084.50,61.00,1552517,3984.00,2829.93,0.00,0.00,0.00
2020/7/6,3110.25,3161.00,3163.50,3094.75,68.75,1459512,3984.00,2833.24,0.00,0.00,0.00
2020/7/7,3159.00,3125.50,3173.00,3121.50,51.50,1333466,3984.00,2835.88,0.00,0.00,0.00
2020/7/8,3124.25,3152.50,3155.25,3114.50,40.75,1527612,3984.00,2839.13,0.00,0.00,0.00
2020/7/9,3155.25,3130.00,3159.75,3094.25,65.50,1881833,3984.00,2842.76,0.00,0.00,0.00
2020/7/10,3131.25,3167.50,3170.25,3100.50,69.75,1408591,3984.00,2845.76,0.00,0.00,0.00
2020/7/13,3172.50,3137.25,3215.25,3129.50,85.75,2074726,3984.00,2849.68,0.00,0.00,0.00
2020/7/14,3138.75,3172.50,3181.25,3108.00,73.25,2256766,3984.00,2854.33,0.00,0.00,0.00
2020/7/15,3193.00,3208.50,3222.25,3181.00,41.25,1937696,3984.00,2858.66,0.00,0.00,0.00
2020/7/16,3212.25,3183.50,3217.50,3177.50,40.00,1471311,3984.00,2861.65,0.00,0.00,0.00
2020/7/17,3187.50,3203.00,3214.25,3183.75,30.50,1261113,3984.00,2864.32,0.00,0.00,0.00
2020/7/20,3203.50,3234.25,3239.50,3179.25,60.25,1401168,3984.00,2867.50,0.00,0.00,0.00
2020/7/21,3232.75,3240.25,3262.25,3228.25,34.00,1463931,3984.00,2870.83,0.00,0.00,0.00
2020/7/22,3238.25,3254.50,3260.75,3216.25,44.50,1354244,3984.00,2873.97,0.00,0.00,0.00
2020/7/23,3256.75,3216.50,3273.50,3203.25,70.25,1704453,3984.00,2877.46,0.00,0.00,0.00
2020/7/24,3219.00,3193.00,3228.00,3180.50,47.50,1761346,3984.00,2880.75,0.00,0.00,0.00
2020/7/27,3199.75,3221.25,3224.00,3181.00,43.00,1299512,3984.00,2883.35,0.00,0.00,0.00
2020/7/28,3224.00,3202.00,3235.75,3197.00,38.75,1375293,3984.00,2885.90,0.00,0.00,0.00
2020/7/29,3204.00,3241.50,3246.00,3193.25,52.75,1218031,3984.00,2888.41,0.00,0.00,0.00
2020/7/30,3245.75,3237.75,3258.00,3184.00,74.00,2000721,3984.00,2892.41,0.00,0.00,0.00
2020/7/31,3258.25,3252.50,3262.75,3201.50,61.25,2282794,3984.00,2897.05,0.00,0.00,0.00
2020/8/3,3261.00,3277.50,3284.50,3243.75,40.75,1250449,3984.00,2899.71,0.00,0.00,0.00
2020/8/4,3279.75,3289.00,3289.50,3260.00,29.50,1145269,3984.00,2902.20,0.00,0.00,0.00
2020/8/5,3289.75,3305.00,3312.25,3281.00,31.25,1116787,3984.00,2904.69,0.00,0.00,0.00
2020/8/6,3306.00,3333.25,3334.50,3289.50,45.00,1346665,3984.00,2907.86,0.00,0.00,0.00
2020/8/7,3332.75,3333.75,3336.75,3311.25,25.50,1615367,3984.00,2911.60,0.00,0.00,0.00
2020/8/10,3336.00,3341.75,3346.25,3318.00,28.25,1201751,3984.00,2914.40,0.00,0.00,0.00
2020/8/11,3339.25,3319.00,3368.00,3308.50,59.50,1733040,3984.00,2918.16,0.00,0.00,0.00
2020/8/12,3328.50,3359.00,3371.50,3315.25,56.25,1408718,3984.00,2921.47,0.00,0.00,0.00
2020/8/13,3356.75,3356.75,3371.00,3346.50,24.50,1205758,3984.00,2924.24,0.00,0.00,0.00
2020/8/14,3358.25,3350.50,3369.50,3339.00,30.50,1084771,3984.00,2926.67,0.00,0.00,0.00
2020/8/17,3355.00,3368.75,3371.75,3353.75,18.00,759304,3984.00,2928.43,0.00,0.00,0.00
2020/8/18,3368.25,3376.00,3379.75,3354.25,25.50,1019552,3984.00,2930.80,0.00,0.00,0.00
2020/8/19,3377.75,3361.75,3384.75,3354.50,30.25,1368420,3984.00,2933.85,0.00,0.00,0.00
2020/8/20,3359.25,3369.75,3376.00,3333.75,42.25,1203334,3984.00,2936.55,0.00,0.00,0.00
2020/8/21,3372.50,3381.50,3385.25,3345.75,39.50,1221450,3984.00,2939.33,0.00,0.00,0.00
2020/8/24,3387.75,3416.50,3418.50,3382.50,36.00,1282950,3984.00,2942.43,0.00,0.00,0.00
2020/8/25,3416.00,3432.00,3437.75,3410.75,27.00,1133837,3984.00,2945.23,0.00,0.00,0.00
2020/8/26,3433.75,3469.25,3472.50,3425.75,46.75,1277539,3984.00,2948.59,0.00,0.00,0.00
2020/8/27,3468.50,3474.25,3487.25,3453.75,33.50,1633581,3984.00,2952.86,0.00,0.00,0.00
2020/8/28,3477.00,3493.50,3498.50,3469.75,28.75,1248430,3984.00,2956.19,0.00,0.00,0.00
2020/8/31,3497.50,3488.00,3513.50,3479.00,34.50,1439600,3984.00,2959.95,0.00,0.00,0.00
2020/9/1,3482.25,3516.00,3519.00,3473.25,45.75,1283622,3984.00,2963.43,0.00,0.00,0.00
2020/9/2,3518.00,3568.25,3576.00,3515.25,60.75,1853078,3984.00,2968.84,0.00,0.00,0.00
2020/9/3,3567.75,3450.50,3575.50,3413.50,162.00,2872337,3984.00,2975.44,0.00,0.00,0.00
2020/9/4,3443.75,3406.50,3473.25,3336.75,136.50,2994363,3984.00,2981.50,0.00,0.00,0.00
2020/9/8,3409.50,3324.50,3436.00,3316.50,119.50,2732946,3984.00,2985.85,0.00,0.00,0.00
2020/9/9,3304.25,3389.25,3413.00,3284.50,128.50,2011132,3984.00,2989.58,0.00,0.00,0.00
2020/9/10,3385.00,3329.50,3413.25,3316.25,97.00,2332667,3984.00,2993.18,0.00,0.00,0.00
2020/9/11,3334.25,3322.75,3364.25,3297.75,66.50,2034367,3984.00,2996.21,0.00,0.00,0.00
2020/9/14,3339.50,3371.75,3392.00,3335.75,56.25,2219334,3984.00,2999.92,0.00,0.00,0.00
2020/9/15,3369.25,3394.50,3408.50,3365.75,42.75,1903406,3984.00,3003.25,0.00,0.00,0.00
2020/9/16,3395.25,3379.00,3419.00,3373.25,45.75,1787505,3984.00,3006.19,0.00,0.00,0.00
2020/9/17,3381.00,3350.50,3386.00,3309.75,76.25,2676297,3984.00,3010.19,0.00,0.00,0.00
2020/9/18,3344.50,3315.75,3362.50,3280.25,82.25,2365554,3984.00,3013.29,0.00,0.00,0.00
2020/9/21,3314.00,3274.50,3325.75,3217.25,108.50,2507980,3984.00,3016.08,0.00,0.00,0.00
2020/9/22,3271.00,3298.75,3309.00,3256.00,53.00,1576319,3984.00,3017.96,0.00,0.00,0.00
2020/9/23,3303.25,3230.75,3319.25,3220.50,98.75,1979661,3984.00,3019.72,0.00,0.00,0.00
2020/9/24,3227.50,3237.50,3267.75,3197.50,70.25,2277010,3984.00,3021.78,0.00,0.00,0.00
2020/9/25,3243.00,3286.75,3295.75,3206.00,89.75,1697090,3984.00,3023.63,0.00,0.00,0.00
2020/9/28,3290.50,3345.50,3350.75,3287.00,63.75,1495804,3984.00,3025.60,0.00,0.00,0.00
2020/9/29,3348.25,3333.25,3362.50,3316.00,46.50,1326597,3984.00,3027.26,0.00,0.00,0.00
2020/9/30,3329.50,3351.50,3383.50,3290.75,92.75,2170601,3984.00,3030.10,0.00,0.00,0.00
2020/10/1,3344.25,3367.25,3387.50,3342.75,44.75,1517912,3984.00,3032.15,0.00,0.00,0.00
2020/10/2,3366.50,3338.75,3375.00,3299.75,75.25,2028921,3984.00,3034.62,0.00,0.00,0.00
2020/10/5,3359.50,3392.50,3399.50,3346.00,53.50,1077474,3984.00,3036.15,0.00,0.00,0.00
2020/10/6,3391.50,3352.75,3421.25,3330.00,91.25,1701062,3984.00,3038.27,0.00,0.00,0.00
2020/10/7,3337.50,3406.25,3416.25,3331.75,84.50,1400616,3984.00,3040.28,0.00,0.00,0.00
2020/10/8,3405.75,3437.00,3446.75,3405.00,41.75,1104986,3984.00,3041.99,0.00,0.00,0.00
2020/10/9,3446.75,3472.75,3479.50,3444.75,34.75,1185272,3984.00,3043.97,0.00,0.00,0.00
2020/10/12,3467.00,3532.25,3540.50,3463.75,76.75,1401063,3984.00,3046.61,0.00,0.00,0.00
2020/10/13,3533.50,3504.25,3535.25,3491.00,44.25,1617226,3984.00,3049.44,0.00,0.00,0.00
2020/10/14,3501.50,3480.50,3523.50,3471.50,52.00,1539718,3984.00,3051.97,0.00,0.00,0.00
2020/10/15,3478.75,3475.00,3486.00,3431.00,55.00,1650150,3984.00,3054.62,0.00,0.00,0.00
2020/10/16,3478.00,3461.75,3508.00,3460.75,47.25,1398947,3984.00,3056.76,0.00,0.00,0.00
2020/10/19,3470.50,3422.25,3496.00,3410.25,85.75,1645853,3984.00,3059.01,0.00,0.00,0.00
2020/10/20,3435.50,3431.75,3469.25,3418.25,51.00,1702183,3984.00,3061.37,0.00,0.00,0.00
2020/10/21,3436.50,3432.00,3457.50,3420.00,37.50,1681275,3984.00,3063.67,0.00,0.00,0.00
2020/10/22,3429.75,3448.75,3452.50,3402.00,50.50,1501259,3984.00,3065.80,0.00,0.00,0.00
2020/10/23,3455.25,3451.25,3462.00,3431.00,31.00,1216313,3984.00,3067.51,0.00,0.00,0.00
2020/10/26,3445.25,3393.00,3445.75,3355.50,90.25,1957780,3984.00,3069.83,0.00,0.00,0.00
2020/10/27,3393.75,3382.50,3409.50,3367.75,41.75,1566246,3984.00,3071.60,0.00,0.00,0.00
2020/10/28,3368.50,3263.00,3369.75,3260.25,109.50,2627180,3984.00,3073.40,0.00,0.00,0.00
2020/10/29,3278.50,3301.75,3333.25,3249.75,83.50,1965277,3984.00,3074.99,0.00,0.00,0.00
2020/10/30,3267.50,3264.25,3295.75,3224.50,71.25,2494925,3984.00,3076.66,0.00,0.00,0.00
2020/11/2,3259.50,3300.00,3323.00,3242.75,80.25,1849320,3984.00,3078.10,0.00,0.00,0.00
2020/11/3,3303.50,3361.00,3382.25,3300.75,81.50,1664690,3984.00,3079.74,0.00,0.00,0.00
2020/11/4,3362.25,3434.50,3479.50,3318.50,161.00,2813083,3984.00,3083.18,0.00,0.00,0.00
2020/11/5,3447.50,3504.25,3522.00,3427.75,94.25,1671417,3984.00,3085.59,0.00,0.00,0.00
2020/11/6,3508.25,3500.25,3518.50,3456.25,62.25,1640000,3984.00,3087.91,0.00,0.00,0.00
2020/11/9,3522.00,3543.50,3667.50,3515.25,152.25,2605322,3984.00,3091.91,0.00,0.00,0.00
2020/11/10,3549.00,3540.50,3562.25,3506.00,56.25,2160319,3984.00,3095.16,0.00,0.00,0.00
2020/11/11,3545.75,3567.50,3576.25,3530.50,45.75,1324983,3984.00,3097.25,0.00,0.00,0.00
2020/11/12,3574.00,3532.00,3574.00,3512.50,61.50,1685890,3984.00,3099.68,0.00,0.00,0.00
2020/11/13,3537.00,3581.50,3589.50,3517.50,72.00,1334530,3984.00,3101.81,0.00,0.00,0.00
2020/11/16,3586.50,3622.50,3636.50,3586.00,50.50,1303941,3984.00,3104.04,0.00,0.00,0.00
2020/11/17,3625.00,3606.25,3629.50,3583.75,45.75,1268206,3984.00,3106.13,0.00,0.00,0.00
2020/11/18,3604.00,3564.50,3622.75,3556.00,66.75,1325309,3984.00,3108.11,0.00,0.00,0.00
2020/11/19,3561.50,3579.50,3582.25,3541.75,40.50,1291117,3984.00,3110.09,0.00,0.00,0.00
2020/11/20,3559.50,3553.75,3582.00,3542.25,39.75,1189621,3984.00,3111.80,0.00,0.00,0.00
2020/11/23,3546.00,3575.50,3587.50,3545.00,42.50,1204848,3984.00,3113.60,0.00,0.00,0.00
2020/11/24,3575.50,3632.25,3639.50,3574.75,64.75,1288993,3984.00,3115.74,0.00,0.00,0.00
2020/11/25,3635.00,3626.75,3654.50,3614.75,39.75,1016343,3984.00,3117.40,0.00,0.00,0.00
2020/11/27,3629.75,3636.00,3642.25,3612.25,30.00,639268,3984.00,3118.46,0.00,0.00,0.00
2020/11/30,3643.25,3622.75,3651.50,3591.75,59.75,1712274,3984.00,3121.20,0.00,0.00,0.00
2020/12/1,3630.50,3660.00,3677.00,3625.50,51.50,1365328,3984.00,3123.53,0.00,0.00,0.00
2020/12/2,3660.75,3666.75,3672.25,3641.75,30.50,1106696,3984.00,3125.43,0.00,0.00,0.00
2020/12/3,3670.50,3664.00,3681.50,3654.75,26.75,1124033,3984.00,3127.33,0.00,0.00,0.00
2020/12/4,3667.75,3697.50,3699.50,3665.00,34.50,991860,3984.00,3129.10,0.00,0.00,0.00
2020/12/7,3694.25,3690.25,3704.50,3671.75,32.75,1078372,3984.00,3130.98,0.00,0.00,0.00
2020/12/8,3682.25,3701.50,3707.50,3663.75,43.75,1119000,3984.00,3132.97,0.00,0.00,0.00
2020/12/9,3707.25,3672.00,3714.25,3659.00,55.25,1792176,3984.00,3135.95,0.00,0.00,0.00
2020/12/10,3669.00,3668.00,3680.75,3643.50,37.25,1601203,3984.00,3138.58,0.00,0.00,0.00
2020/12/11,3670.00,3660.75,3674.25,3628.00,46.25,1656323,3984.00,3141.22,0.00,0.00,0.00
2020/12/14,3677.25,3647.25,3698.75,3644.75,54.00,2284730,3984.00,3144.74,0.00,0.00,0.00
2020/12/15,3654.25,3694.25,3695.75,3643.50,52.25,1909018,3984.00,3147.91,0.00,0.00,0.00
2020/12/16,3697.00,3701.00,3711.75,3687.25,24.50,1509876,3984.00,3150.42,0.00,0.00,0.00
2020/12/17,3704.25,3720.00,3724.75,3699.25,25.50,1227753,3984.00,3152.51,0.00,0.00,0.00
2020/12/18,3720.25,3713.50,3730.25,3684.50,45.75,1731161,3984.00,3155.41,0.00,0.00,0.00
2020/12/21,3725.50,3693.00,3731.25,3603.25,128.00,1837575,3984.00,3158.34,0.00,0.00,0.00
2020/12/22,3692.25,3684.50,3702.25,3671.00,31.25,1104998,3984.00,3160.06,0.00,0.00,0.00
2020/12/23,3681.50,3688.75,3709.00,3658.25,50.75,1021819,3984.00,3161.65,0.00,0.00,0.00
2020/12/24,3692.50,3702.25,3703.25,3685.75,17.50,369650,3984.00,3162.24,0.00,0.00,0.00
2020/12/28,3689.25,3734.75,3739.50,3683.25,56.25,760654,3984.00,3163.52,0.00,0.00,0.00
2020/12/29,3738.25,3727.25,3755.00,3721.75,33.25,992636,3984.00,3165.16,0.00,0.00,0.00
2020/12/30,3731.75,3731.50,3745.50,3723.75,21.75,769995,3984.00,3166.43,0.00,0.00,0.00
2020/12/31,3732.25,3756.00,3760.25,3722.25,38.00,993343,3984.00,3168.14,0.00,0.00,0.00
2021/1/4,3756.00,3699.50,3780.50,3659.75,120.75,2037616,3984.00,3171.27,0.00,0.00,0.00
2021/1/5,3702.25,3725.50,3737.25,3680.50,56.75,1414022,3984.00,3173.53,0.00,0.00,0.00
2021/1/6,3724.75,3747.75,3782.00,3692.75,89.25,2127155,3984.00,3177.03,0.00,0.00,0.00
2021/1/7,3759.75,3802.75,3811.25,3749.25,62.00,1302021,3984.00,3179.36,0.00,0.00,0.00
2021/1/8,3805.00,3824.75,3831.75,3782.25,49.50,1619438,3984.00,3182.33,0.00,0.00,0.00
2021/1/11,3822.75,3799.25,3828.00,3783.75,44.25,1292422,3984.00,3184.59,0.00,0.00,0.00
2021/1/12,3801.50,3801.75,3814.00,3775.25,38.75,1216214,3984.00,3186.71,0.00,0.00,0.00
2021/1/13,3799.25,3811.00,3820.75,3783.75,37.00,1049186,3984.00,3188.55,0.00,0.00,0.00
2021/1/14,3815.75,3798.50,3825.00,3793.50,31.50,1170812,3984.00,3190.56,0.00,0.00,0.00
2021/1/15,3800.25,3769.50,3805.00,3748.75,56.25,1781463,3984.00,3193.44,0.00,0.00,0.00
2021/1/19,3757.25,3797.75,3804.25,3747.75,56.50,1315580,3984.00,3195.65,0.00,0.00,0.00
2021/1/20,3804.00,3852.25,3859.75,3795.75,64.00,1248787,3984.00,3197.92,0.00,0.00,0.00
2021/1/21,3848.75,3853.25,3867.00,3843.75,23.25,1068271,3984.00,3199.85,0.00,0.00,0.00
2021/1/22,3854.00,3841.50,3856.25,3820.50,35.75,1186856,3984.00,3201.95,0.00,0.00,0.00
2021/1/25,3842.75,3855.75,3860.50,3795.75,64.75,1763898,3984.00,3205.11,0.00,0.00,0.00
2021/1/26,3852.25,3849.75,3869.50,3828.75,40.75,1172461,3984.00,3207.18,0.00,0.00,0.00
2021/1/27,3852.50,3751.50,3860.25,3713.75,146.50,2572020,3984.00,3210.98,0.00,0.00,0.00
2021/1/28,3742.50,3786.50,3830.75,3710.75,120.00,2149910,3984.00,3214.31,0.00,0.00,0.00
2021/1/29,3777.50,3712.50,3784.50,3692.75,91.75,2691820,3984.00,3217.90,0.00,0.00,0.00
2021/2/1,3699.50,3773.00,3784.25,3663.75,120.50,1687396,3984.00,3220.40,0.00,0.00,0.00
2021/2/2,3772.00,3825.50,3843.00,3767.25,75.75,1419765,3984.00,3222.68,0.00,0.00,0.00
2021/2/3,3836.75,3830.75,3850.75,3815.00,35.75,1285692,3984.00,3224.75,0.00,0.00,0.00
2021/2/4,3840.00,3871.75,3877.00,3818.50,58.50,1136404,3984.00,3226.69,0.00,0.00,0.00
2021/2/5,3871.50,3887.50,3895.50,3867.25,28.25,1138874,3984.00,3228.67,0.00,0.00,0.00
2021/2/8,3896.25,3915.25,3918.50,3892.75,25.75,972437,3984.00,3230.42,0.00,0.00,0.00
2021/2/9,3917.75,3912.75,3920.50,3902.25,18.25,881922,3984.00,3232.00,0.00,0.00,0.00
2021/2/10,3919.50,3910.25,3935.75,3885.50,50.25,1560824,3984.00,3234.76,0.00,0.00,0.00
2021/2/11,3914.25,3919.25,3927.75,3891.75,36.00,1296054,3984.00,3237.07,0.00,0.00,0.00
2021/2/12,3912.50,3938.25,3943.50,3897.50,46.00,1050298,3984.00,3238.97,0.00,0.00,0.00
2021/2/16,3943.75,3935.00,3966.50,3926.00,40.50,1450425,3984.00,3241.58,0.00,0.00,0.00
2021/2/17,3936.25,3935.25,3939.50,3903.75,35.75,1382825,3984.00,3244.05,0.00,0.00,0.00
2021/2/18,3935.50,3916.75,3943.25,3887.75,55.50,1536949,3984.00,3246.70,0.00,0.00,0.00
2021/2/19,3917.75,3910.25,3938.25,3897.50,40.75,1427294,3984.00,3249.12,0.00,0.00,0.00
2021/2/22,3912.75,3880.75,3921.75,3868.50,53.25,1514278,3984.00,3251.55,0.00,0.00,0.00
2021/2/23,3885.25,3885.25,3903.25,3812.00,91.25,2282940,3984.00,3255.21,0.00,0.00,0.00
2021/2/24,3883.50,3929.75,3935.00,3859.00,76.00,1944661,3984.00,3258.51,0.00,0.00,0.00
2021/2/25,3930.75,3835.25,3941.75,3817.50,124.25,2863387,3984.00,3262.63,0.00,0.00,0.00
2021/2/26,3830.50,3816.50,3865.75,3792.25,73.50,3010481,3984.00,3266.77,0.00,0.00,0.00
2021/3/1,3824.50,3906.00,3919.25,3819.75,99.50,1692835,3984.00,3269.44,0.00,0.00,0.00
2021/3/2,3910.50,3874.75,3913.75,3872.75,41.00,1641396,3984.00,3271.89,0.00,0.00,0.00
2021/3/3,3874.75,3824.00,3905.25,3820.25,85.00,2203398,3984.00,3274.86,0.00,0.00,0.00
2021/3/4,3825.25,3772.75,3849.50,3727.75,121.75,3192468,3984.00,3278.72,0.00,0.00,0.00
2021/3/5,3772.75,3846.25,3857.25,3735.75,121.50,2948117,3984.00,3282.75,0.00,0.00,0.00
2021/3/8,3862.00,3826.50,3886.00,3803.50,82.50,2198363,3984.00,3285.62,0.00,0.00,0.00
2021/3/9,3838.50,3880.50,3908.50,3833.50,75.00,1704837,3984.00,3288.04,0.00,0.00,0.00
2021/3/10,3885.75,3903.75,3923.50,3863.50,60.00,1845205,3984.00,3290.74,0.00,0.00,0.00
2021/3/11,3915.00,3944.00,3965.75,3900.25,65.50,1599748,3984.00,3293.21,0.00,0.00,0.00
2021/3/12,3944.75,3949.50,3955.25,3917.50,37.75,1596215,3984.00,3295.68,0.00,0.00,0.00
2021/3/15,3954.25,3975.00,3977.00,3929.75,47.25,1974366,3984.00,3298.83,0.00,0.00,0.00
2021/3/16,3974.50,3969.25,3987.50,3959.50,28.00,1973548,3984.00,3301.93,0.00,0.00,0.00
2021/3/17,3974.00,3980.25,3990.25,3941.75,48.50,1941883,3984.00,3304.99,0.00,0.00,0.00
2021/3/18,3978.75,3922.75,3995.25,3917.25,78.00,2124392,3984.00,3308.03,0.00,0.00,0.00
2021/3/19,3927.50,3916.50,3940.25,3891.75,48.50,2047619,3984.00,3310.90,0.00,0.00,0.00
2021/3/22,3910.25,3946.75,3961.25,3901.75,59.50,1325987,3984.00,3312.84,0.00,0.00,0.00
2021/3/23,3950.00,3916.50,3955.50,3907.25,48.25,1877976,3984.00,3315.43,0.00,0.00,0.00
2021/3/24,3922.50,3897.50,3948.25,3894.25,54.00,2063480,3984.00,3318.17,0.00,0.00,0.00
2021/3/25,3899.50,3917.25,3926.25,3860.00,66.25,2279488,3984.00,3321.26,0.00,0.00,0.00
2021/3/26,3924.25,3981.50,3984.75,3917.50,67.25,1984060,3984.00,3324.21,0.00,0.00,0.00
2021/3/29,3979.00,3975.75,3988.00,3945.50,42.50,2003052,3984.00,3327.14,0.00,0.00,0.00
2021/3/30,3982.00,3964.50,3985.25,3950.50,34.75,1590486,3984.00,3329.41,0.00,0.00,0.00
2021/3/31,3966.25,3984.25,4000.50,3958.25,42.25,1642169,3984.00,3331.81,0.00,0.00,0.00
2021/4/1,3984.25,4026.75,4032.00,3981.25,50.75,1245846,3984.00,3333.73,0.00,0.00,0.00
2021/4/5,4046.75,4084.50,4090.50,4037.75,52.75,1250666,3984.00,3335.81,0.00,0.00,0.00
2021/4/6,4086.50,4080.75,4092.75,4069.00,23.75,1252163,3984.00,3337.87,0.00,0.00,0.00
2021/4/7,4083.75,4086.75,4092.25,4073.25,19.00,1101579,3984.00,3339.69,0.00,0.00,0.00
2021/4/8,4091.00,4105.75,4115.25,4089.25,26.00,988346,3984.00,3341.36,0.00,0.00,0.00
2021/4/9,4114.75,4136.25,4138.25,4097.75,40.50,1090560,3984.00,3343.26,0.00,0.00,0.00
2021/4/12,4131.00,4137.00,4141.25,4121.25,20.00,1089291,3984.00,3345.15,0.00,0.00,0.00
2021/4/13,4139.50,4149.50,4156.50,4118.00,38.50,1081282,3984.00,3347.05,0.00,0.00,0.00
2021/4/14,4151.50,4134.75,4160.75,4129.75,31.00,1529562,3984.00,3349.68,0.00,0.00,0.00
2021/4/15,4140.25,4179.25,4183.25,4136.25,47.00,1277980,3984.00,3351.98,0.00,0.00,0.00
2021/4/16,4179.50,4193.00,4200.25,4171.00,29.25,1304078,3984.00,3354.35,0.00,0.00,0.00
2021/4/19,4181.75,4172.25,4191.50,4158.50,33.00,1618649,3984.00,3357.21,0.00,0.00,0.00
2021/4/20,4173.00,4143.25,4184.00,4127.25,56.75,1700883,3984.00,3360.08,0.00,0.00,0.00
2021/4/21,4138.00,4181.50,4184.00,4129.75,54.25,1505474,3984.00,3362.73,0.00,0.00,0.00
2021/4/22,4174.25,4144.50,4188.50,4132.00,56.50,1944942,3984.00,3365.98,0.00,0.00,0.00
2021/4/23,4145.75,4188.25,4203.50,4144.25,59.25,1509514,3984.00,3368.61,0.00,0.00,0.00
2021/4/26,4187.50,4196.25,4202.75,4180.50,22.25,1019731,3984.00,3370.41,0.00,0.00,0.00
2021/4/27,4198.25,4195.75,4209.25,4183.50,25.75,992029,3984.00,3372.14,0.00,0.00,0.00
2021/4/28,4197.00,4193.00,4210.50,4189.50,21.00,1282972,3984.00,3374.36,0.00,0.00,0.00
2021/4/29,4201.50,4220.25,4227.75,4184.75,43.00,1746965,3984.00,3377.47,0.00,0.00,0.00
2021/4/30,4217.50,4191.25,4218.25,4184.00,34.25,1898434,3984.00,3380.71,0.00,0.00,0.00
2021/5/3,4198.25,4202.50,4219.25,4197.75,21.50,1256240,3984.00,3382.87,0.00,0.00,0.00
2021/5/4,4201.00,4175.00,4202.25,4137.25,65.00,2003587,3984.00,3386.17,0.00,0.00,0.00
2021/5/5,4175.00,4176.75,4196.75,4169.75,27.00,1418246,3984.00,3388.50,0.00,0.00,0.00
2021/5/6,4175.50,4211.00,4214.00,4157.25,56.75,1751616,3984.00,3391.48,0.00,0.00,0.00
2021/5/7,4214.25,4242.00,4249.00,4208.50,40.50,1652592,3984.00,3394.38,0.00,0.00,0.00
2021/5/10,4243.50,4200.25,4255.00,4188.75,66.25,1662210,3984.00,3397.13,0.00,0.00,0.00
2021/5/11,4193.50,4163.00,4202.25,4120.50,81.75,2520859,3984.00,3401.07,0.00,0.00,0.00
2021/5/12,4156.75,4075.50,4167.25,4067.75,99.50,2629953,3984.00,3404.68,0.00,0.00,0.00
2021/5/13,4070.25,4123.75,4143.50,4046.00,97.50,2381081,3984.00,3408.14,0.00,0.00,0.00
2021/5/14,4129.25,4185.75,4195.00,4122.00,73.00,1513171,3984.00,3410.51,0.00,0.00,0.00
2021/5/17,4185.75,4174.50,4195.50,4153.25,42.25,1480730,3984.00,3412.79,0.00,0.00,0.00
2021/5/18,4175.75,4139.75,4196.25,4128.25,68.00,1285520,3984.00,3414.66,0.00,0.00,0.00
2021/5/19,4130.75,4128.25,4139.75,4072.25,67.50,2313119,3984.00,3417.96,0.00,0.00,0.00
2021/5/20,4124.50,4171.00,4186.00,4101.25,84.75,1486599,3984.00,3420.18,0.00,0.00,0.00
2021/5/21,4169.25,4168.50,4201.75,4163.75,38.00,1466725,3984.00,3422.36,0.00,0.00,0.00
2021/5/24,4168.25,4210.50,4223.00,4159.25,63.75,1046500,3984.00,3423.99,0.00,0.00,0.00
2021/5/25,4216.00,4202.25,4229.50,4196.00,33.50,1221701,3984.00,3425.87,0.00,0.00,0.00
2021/5/26,4204.75,4209.75,4221.00,4197.25,23.75,1051147,3984.00,3427.50,0.00,0.00,0.00
2021/5/27,4209.75,4215.75,4228.25,4194.50,33.75,1179928,3984.00,3429.33,0.00,0.00,0.00
2021/5/28,4228.00,4219.25,4234.25,4217.75,16.50,1110833,3984.00,3431.05,0.00,0.00,0.00
2021/6/1,4223.25,4215.25,4246.75,4206.75,40.00,1366344,3984.00,3433.14,0.00,0.00,0.00
2021/6/2,4215.25,4223.00,4231.75,4207.50,24.25,1059938,3984.00,3434.78,0.00,0.00,0.00
2021/6/3,4224.75,4208.00,4230.00,4182.00,48.00,1384271,3984.00,3436.86,0.00,0.00,0.00
2021/6/4,4207.50,4245.00,4248.75,4193.75,55.00,1051573,3984.00,3438.52,0.00,0.00,0.00
2021/6/7,4249.00,4242.25,4249.25,4230.75,18.50,934681,3984.00,3439.97,0.00,0.00,0.00
2021/6/8,4244.25,4242.50,4253.50,4222.50,31.00,1305814,3984.00,3442.00,0.00,0.00,0.00
2021/6/9,4242.25,4235.25,4251.75,4233.75,18.00,1057216,3984.00,3443.62,0.00,0.00,0.00
2021/6/10,4239.00,4254.75,4265.75,4223.75,42.00,1563728,3984.00,3446.06,0.00,0.00,0.00
2021/6/11,4256.00,4262.50,4264.50,4247.50,17.00,1289533,3984.00,3448.09,0.00,0.00,0.00
2021/6/14,4264.50,4271.75,4274.50,4250.50,24.00,1714445,3984.00,3450.79,0.00,0.00,0.00
2021/6/15,4272.25,4262.50,4284.25,4254.25,30.00,1671493,3984.00,3453.38,0.00,0.00,0.00
2021/6/16,4264.00,4239.00,4267.50,4216.25,51.25,1612367,3984.00,3455.79,0.00,0.00,0.00
2021/6/17,4230.25,4238.25,4248.75,4209.00,39.75,1746318,3984.00,3458.38,0.00,0.00,0.00
2021/6/18,4242.00,4179.50,4246.00,4166.75,79.25,1951342,3984.00,3461.04,0.00,0.00,0.00
2021/6/21,4168.50,4239.75,4245.75,4152.75,93.00,1425623,3984.00,3463.13,0.00,0.00,0.00
2021/6/22,4245.25,4262.25,4271.50,4231.75,39.75,1063749,3984.00,3464.73,0.00,0.00,0.00
2021/6/23,4263.50,4257.50,4274.25,4256.50,17.75,938299,3984.00,3466.13,0.00,0.00,0.00
2021/6/24,4259.75,4282.00,4289.75,4257.75,32.00,878788,3984.00,3467.47,0.00,0.00,0.00
2021/6/25,4288.00,4297.25,4302.75,4279.50,23.25,906160,3984.00,3468.88,0.00,0.00,0.00
2021/6/28,4301.00,4306.50,4308.00,4290.25,17.75,823723,3984.00,3470.17,0.00,0.00,0.00
2021/6/29,4306.50,4308.00,4317.00,4297.75,19.25,741471,3984.00,3471.32,0.00,0.00,0.00
2021/6/30,4310.75,4314.50,4320.25,4295.25,25.00,1100062,3984.00,3473.05,0.00,0.00,0.00
2021/7/1,4320.25,4336.75,4338.00,4312.00,26.00,985190,3984.00,3474.63,0.00,0.00,0.00
2021/7/2,4335.75,4368.75,4373.00,4334.00,39.00,999780,3984.00,3476.29,0.00,0.00,0.00
2021/7/6,4367.00,4360.00,4374.00,4331.25,42.75,1368133,3984.00,3478.53,0.00,0.00,0.00
2021/7/7,4354.00,4375.75,4379.25,4346.25,33.00,1221078,3984.00,3480.55,0.00,0.00,0.00
2021/7/8,4378.25,4339.00,4378.25,4305.25,73.00,1991636,3984.00,3483.69,0.00,0.00,0.00
2021/7/9,4336.25,4386.00,4390.00,4319.25,70.75,1311506,3984.00,3485.87,0.00,0.00,0.00
2021/7/12,4388.00,4402.50,4405.25,4367.75,37.50,1055739,3984.00,3487.64,0.00,0.00,0.00
2021/7/13,4403.00,4387.25,4409.75,4382.50,27.25,1249893,3984.00,3489.69,0.00,0.00,0.00
2021/7/14,4385.50,4393.75,4410.50,4376.00,34.50,1308582,3984.00,3491.85,0.00,0.00,0.00
2021/7/15,4392.50,4378.00,4396.25,4358.50,37.75,1611726,3984.00,3494.44,0.00,0.00,0.00
2021/7/16,4373.75,4344.50,4394.00,4340.25,53.75,1636065,3984.00,3496.96,0.00,0.00,0.00
2021/7/19,4346.00,4277.25,4346.75,4250.00,96.75,2599774,3984.00,3500.62,0.00,0.00,0.00
2021/7/20,4288.75,4341.50,4355.00,4278.75,76.25,1844380,3984.00,3503.41,0.00,0.00,0.00
2021/7/21,4344.75,4376.50,4381.25,4336.00,45.25,1191429,3984.00,3505.28,0.00,0.00,0.00
2021/7/22,4381.00,4385.50,4397.50,4367.50,30.00,981969,3984.00,3506.82,0.00,0.00,0.00
2021/7/23,4397.50,4429.00,4434.25,4393.25,41.00,1173337,3984.00,3508.76,0.00,0.00,0.00
2021/7/26,4426.50,4440.25,4442.75,4401.50,41.25,938628,3984.00,3510.32,0.00,0.00,0.00
2021/7/27,4441.75,4420.50,4442.00,4390.75,51.25,1575473,3984.00,3512.87,0.00,0.00,0.00
2021/7/28,4406.00,4419.75,4433.75,4403.50,30.25,1221313,3984.00,3514.83,0.00,0.00,0.00
2021/7/29,4419.75,4437.75,4448.50,4406.50,42.00,1009496,3984.00,3516.48,0.00,0.00,0.00
2021/7/30,4420.25,4415.50,4431.00,4396.75,34.25,1376982,3984.00,3518.67,0.00,0.00,0.00
2021/8/2,4422.50,4405.75,4445.75,4403.25,42.50,1193301,3984.00,3520.54,0.00,0.00,0.00
2021/8/3,4409.75,4441.00,4443.00,4391.25,51.75,1296856,3984.00,3522.64,0.00,0.00,0.00
2021/8/4,4435.75,4420.75,4441.00,4417.25,23.75,1047251,3984.00,3524.29,0.00,0.00,0.00
2021/8/5,4422.25,4447.50,4448.75,4419.75,29.00,763343,3984.00,3525.53,0.00,0.00,0.00
2021/8/6,4446.25,4455.50,4459.25,4442.00,17.25,951045,3984.00,3527.07,0.00,0.00,0.00
2021/8/9,4454.00,4451.75,4458.00,4438.25,19.75,789726,3984.00,3528.35,0.00,0.00,0.00
2021/8/10,4453.25,4456.00,4464.25,4442.50,21.75,950320,3984.00,3529.89,0.00,0.00,0.00
2021/8/11,4455.25,4466.50,4469.25,4446.75,22.50,1001054,3984.00,3531.52,0.00,0.00,0.00
2021/8/12,4466.00,4480.50,4482.25,4456.25,26.00,850527,3984.00,3532.93,0.00,0.00,0.00
2021/8/13,4481.75,4488.50,4489.25,4477.00,12.25,789104,3984.00,3534.24,0.00,0.00,0.00
2021/8/16,4482.25,4500.00,4502.50,4458.50,44.00,1239520,3984.00,3536.32,0.00,0.00,0.00
2021/8/17,4498.00,4469.50,4498.25,4437.75,60.50,1789568,3984.00,3539.20,0.00,0.00,0.00
2021/8/18,4462.75,4420.50,4475.75,4407.50,68.25,1546011,3984.00,3541.55,0.00,0.00,0.00
2021/8/19,4415.75,4427.50,4440.75,4373.75,67.00,1924058,3984.00,3544.48,0.00,0.00,0.00
2021/8/20,4429.75,4463.00,4466.50,4397.75,68.75,1328852,3984.00,3546.57,0.00,0.00,0.00
2021/8/23,4461.00,4501.50,4511.75,4459.50,52.25,997026,3984.00,3548.20,0.00,0.00,0.00
2021/8/24,4507.00,4508.50,4518.00,4502.75,15.25,787503,3984.00,3549.49,0.00,0.00,0.00
2021/8/25,4509.50,4519.00,4524.00,4502.25,21.75,801106,3984.00,3550.82,0.00,0.00,0.00
2021/8/26,4519.75,4492.50,4520.25,4491.00,29.25,1306718,3984.00,3552.92,0.00,0.00,0.00
2021/8/27,4496.00,4531.50,4536.00,4488.25,47.75,1216414,3984.00,3554.94,0.00,0.00,0.00
2021/8/30,4534.75,4551.25,4560.50,4526.75,33.75,975807,3984.00,3556.59,0.00,0.00,0.00
2021/8/31,4555.50,4546.50,4568.25,4538.50,29.75,1378199,3984.00,3558.90,0.00,0.00,0.00
2021/9/1,4553.75,4547.25,4566.00,4545.25,20.75,1061414,3984.00,3560.67,0.00,0.00,0.00
2021/9/2,4548.50,4561.25,4570.00,4542.00,28.00,1016806,3984.00,3562.39,0.00,0.00,0.00
2021/9/3,4562.75,4560.50,4575.50,4545.25,30.25,1156146,3984.00,3564.33,0.00,0.00,0.00
2021/9/7,4559.00,4545.25,4574.00,4536.75,37.25,1277938,3984.00,3566.44,0.00,0.00,0.00
2021/9/8,4543.50,4538.50,4550.75,4518.00,32.75,1606757,3984.00,3569.05,0.00,0.00,0.00
2021/9/9,4537.00,4518.25,4555.50,4511.50,44.00,1696301,3984.00,3571.74,0.00,0.00,0.00
2021/9/10,4517.25,4484.25,4544.50,4482.50,62.00,1855184,3984.00,3574.56,0.00,0.00,0.00
2021/9/13,4487.00,4494.75,4518.75,4469.75,49.00,2427929,3984.00,3578.27,0.00,0.00,0.00
2021/9/14,4501.00,4470.00,4514.75,4460.50,54.25,2152610,3984.00,3581.44,0.00,0.00,0.00
2021/9/15,4472.25,4507.25,4513.00,4462.75,50.25,1640051,3984.00,3583.94,0.00,0.00,0.00
2021/9/16,4511.25,4499.50,4513.75,4468.50,45.25,1489822,3984.00,3586.19,0.00,0.00,0.00
2021/9/17,4494.50,4457.00,4507.75,4441.75,66.00,1968041,3984.00,3589.00,0.00,0.00,0.00
2021/9/20,4447.00,4383.50,4453.25,4329.00,124.25,2711340,3984.00,3592.51,0.00,0.00,0.00
2021/9/21,4377.75,4378.50,4431.00,4364.50,66.50,1941006,3984.00,3594.99,0.00,0.00,0.00
2021/9/22,4371.75,4419.25,4441.75,4356.50,85.25,1767853,3984.00,3597.36,0.00,0.00,0.00
2021/9/23,4421.25,4473.25,4490.25,4421.00,69.25,1447395,3984.00,3599.41,0.00,0.00,0.00
2021/9/24,4474.25,4481.00,4488.25,4446.00,42.25,1182037,3984.00,3601.09,0.00,0.00,0.00
2021/9/27,4481.25,4468.25,4507.25,4460.25,47.00,1306188,3984.00,3602.92,0.00,0.00,0.00
2021/9/28,4465.00,4378.75,4477.25,4370.00,107.25,2307037,3984.00,3605.79,0.00,0.00,0.00
2021/9/29,4382.75,4385.00,4414.00,4379.50,34.50,1815726,3984.00,3608.06,0.00,0.00,0.00
2021/9/30,4395.25,4333.00,4424.25,4329.50,94.75,2373423,3984.00,3610.80,0.00,0.00,0.00
2021/10/1,4336.25,4379.00,4401.00,4295.25,105.75,2269695,3984.00,3613.57,0.00,0.00,0.00
2021/10/4,4384.25,4326.50,4397.25,4302.75,94.50,2135338,3984.00,3615.98,0.00,0.00,0.00
2021/10/5,4331.00,4369.25,4395.00,4304.25,90.75,1650217,3984.00,3617.95,0.00,0.00,0.00
2021/10/6,4369.25,4389.25,4392.75,4309.00,83.75,2202805,3984.00,3620.62,0.00,0.00,0.00
2021/10/7,4390.50,4425.25,4456.75,4390.25,66.50,1406808,3984.00,3622.40,0.00,0.00,0.00
2021/10/8,4425.75,4417.50,4443.00,4411.50,31.50,1428160,3984.00,3624.18,0.00,0.00,0.00
2021/10/11,4416.25,4386.25,4442.75,4379.25,63.50,1245705,3984.00,3625.66,0.00,0.00,0.00
2021/10/12,4383.00,4376.00,4400.25,4352.50,47.75,1295686,3984.00,3627.18,0.00,0.00,0.00
2021/10/13,4362.75,4390.25,4400.00,4354.00,46.00,1372482,3984.00,3628.81,0.00,0.00,0.00
2021/10/14,4390.00,4464.25,4472.50,4389.25,83.25,1264458,3984.00,3630.46,0.00,0.00,0.00
2021/10/15,4468.25,4497.75,4502.75,4461.50,41.25,1185108,3984.00,3632.05,0.00,0.00,0.00
2021/10/18,4500.75,4512.75,4515.00,4471.50,43.50,1095216,3984.00,3633.55,0.00,0.00,0.00
2021/10/19,4511.00,4546.50,4552.75,4507.00,45.75,1018177,3984.00,3634.98,0.00,0.00,0.00
2021/10/20,4551.25,4563.25,4567.50,4539.25,28.25,1006857,3984.00,3636.43,0.00,0.00,0.00
2021/10/21,4560.25,4577.00,4578.50,4545.50,33.00,938565,3984.00,3637.79,0.00,0.00,0.00
2021/10/22,4565.25,4571.75,4586.75,4550.50,36.25,1315668,3984.00,3639.68,0.00,0.00,0.00
2021/10/25,4564.00,4593.25,4601.50,4557.75,43.75,1031431,3984.00,3641.19,0.00,0.00,0.00
2021/10/26,4600.00,4600.50,4625.25,4596.00,29.25,1257346,3984.00,3643.04,0.00,0.00,0.00
2021/10/27,4599.00,4579.75,4612.00,4579.00,33.00,1263181,3984.00,3644.85,0.00,0.00,0.00
2021/10/28,4584.00,4622.75,4625.00,4580.50,44.50,1195785,3984.00,3646.64,0.00,0.00,0.00
2021/10/29,4612.25,4632.25,4638.75,4594.50,44.25,1418280,3984.00,3648.77,0.00,0.00,0.00
2021/11/1,4643.25,4641.00,4654.75,4621.75,33.00,1071118,3984.00,3650.39,0.00,0.00,0.00
2021/11/2,4641.00,4658.75,4662.25,4628.50,33.75,980833,3984.00,3651.89,0.00,0.00,0.00
2021/11/3,4656.50,4687.50,4692.25,4648.25,44.00,1074650,3984.00,3653.58,0.00,0.00,0.00
2021/11/4,4686.75,4708.50,4711.50,4686.00,25.50,1169886,3984.00,3655.45,0.00,0.00,0.00
2021/11/5,4707.00,4725.50,4747.00,4702.75,44.25,1459142,3984.00,3657.81,0.00,0.00,0.00
2021/11/8,4713.75,4729.25,4742.25,4711.50,30.75,1000404,3984.00,3659.42,0.00,0.00,0.00
2021/11/9,4726.00,4713.50,4735.75,4698.50,37.25,1289857,3984.00,3661.47,0.00,0.00,0.00
2021/11/10,4710.00,4677.25,4715.50,4660.50,55.00,1639098,3984.00,3663.97,0.00,0.00,0.00
2021/11/11,4680.25,4678.25,4696.75,4673.25,23.50,936857,3984.00,3665.40,0.00,0.00,0.00
2021/11/12,4682.25,4713.50,4720.75,4679.00,41.75,1155591,3984.00,3667.21,0.00,0.00,0.00
2021/11/15,4720.00,4714.25,4732.75,4702.25,30.50,1047123,3984.00,3668.85,0.00,0.00,0.00
2021/11/16,4716.00,4731.25,4745.00,4706.00,39.00,1043587,3984.00,3670.51,0.00,0.00,0.00
2021/11/17,4731.75,4721.50,4736.25,4714.50,21.75,1056696,3984.00,3672.16,0.00,0.00,0.00
2021/11/18,4720.50,4736.75,4741.75,4703.25,38.50,1168195,3984.00,3674.01,0.00,0.00,0.00
2021/11/19,4740.50,4729.75,4758.75,4719.50,39.25,1344893,3984.00,3676.12,0.00,0.00,0.00
2021/11/22,4736.25,4715.00,4775.75,4709.50,66.25,1685386,3984.00,3678.72,0.00,0.00,0.00
2021/11/23,4721.25,4723.75,4730.75,4684.25,46.50,1872492,3984.00,3681.61,0.00,0.00,0.00
2021/11/24,4721.50,4734.25,4737.50,4691.50,46.00,1408571,3984.00,3683.79,0.00,0.00,0.00
2021/11/26,4735.75,4631.00,4752.25,4612.50,139.75,2068167,3984.00,3686.67,0.00,0.00,0.00
2021/11/29,4624.25,4686.25,4705.00,4624.00,81.00,2014967,3984.00,3689.62,0.00,0.00,0.00
2021/11/30,4692.50,4601.50,4702.75,4592.25,110.50,2845560,3984.00,3693.41,0.00,0.00,0.00
2021/12/1,4622.75,4543.75,4686.00,4533.00,153.00,2670344,3984.00,3696.71,0.00,0.00,0.00
2021/12/2,4550.00,4611.00,4629.00,4540.75,88.25,2587324,3984.00,3700.14,0.00,0.00,0.00
2021/12/3,4622.50,4572.75,4641.75,4527.25,114.50,2747667,3984.00,3703.59,0.00,0.00,0.00
2021/12/6,4577.50,4625.25,4647.00,4566.75,80.25,2031995,3984.00,3706.29,0.00,0.00,0.00
2021/12/7,4629.50,4720.25,4732.50,4622.50,110.00,1771947,3984.00,3708.87,0.00,0.00,0.00
2021/12/8,4730.50,4734.25,4747.25,4707.00,40.25,1418355,3984.00,3710.95,0.00,0.00,0.00
2021/12/9,4732.50,4702.25,4741.25,4697.50,43.75,1593325,3984.00,3713.20,0.00,0.00,0.00
2021/12/10,4704.75,4746.00,4747.75,4699.50,48.25,1667872,3984.00,3715.66,0.00,0.00,0.00
2021/12/13,4747.00,4702.00,4765.75,4698.00,67.75,2350983,3984.00,3718.95,0.00,0.00,0.00
2021/12/14,4705.50,4670.50,4719.25,4638.75,80.50,2297097,3984.00,3722.05,0.00,0.00,0.00
2021/12/15,4671.50,4743.00,4748.25,4644.50,103.75,2096181,3984.00,3725.07,0.00,0.00,0.00
2021/12/16,4745.25,4701.75,4785.75,4684.50,101.25,2151049,3984.00,3728.02,0.00,0.00,0.00
2021/12/17,4706.50,4652.50,4710.50,4632.50,78.00,2472118,3984.00,3731.23,0.00,0.00,0.00
2021/12/20,4654.50,4601.00,4664.00,4562.75,101.25,2097624,3984.00,3733.78,0.00,0.00,0.00
2021/12/21,4610.25,4683.25,4685.50,4608.25,77.25,1493880,3984.00,3735.76,0.00,0.00,0.00
2021/12/22,4684.25,4728.50,4733.00,4664.75,68.25,1104688,3984.00,3737.28,0.00,0.00,0.00
2021/12/23,4731.50,4758.25,4773.75,4726.75,47.00,978022,3984.00,3738.67,0.00,0.00,0.00
2021/12/27,4759.50,4824.75,4826.75,4755.75,71.00,898698,3984.00,3740.03,0.00,0.00,0.00
2021/12/28,4823.00,4821.00,4840.50,4813.00,27.50,954520,3984.00,3741.46,0.00,0.00,0.00
2021/12/29,4823.50,4827.00,4838.50,4812.50,26.00,876030,3984.00,3742.78,0.00,0.00,0.00
2021/12/30,4827.25,4814.75,4842.25,4809.75,32.50,753935,3984.00,3743.90,0.00,0.00,0.00
2021/12/31,4816.25,4801.00,4821.00,4793.00,28.00,954083,3984.00,3745.29,0.00,0.00,0.00
2022/1/3,4813.50,4828.50,4833.75,4790.00,43.75,1322362,3984.00,3747.27,0.00,0.00,0.00
2022/1/4,4827.75,4826.75,4850.75,4807.00,43.75,1392809,3984.00,3749.34,0.00,0.00,0.00
2022/1/5,4826.00,4735.00,4830.75,4732.00,98.75,1856376,3984.00,3751.86,0.00,0.00,0.00
2022/1/6,4734.50,4730.00,4758.25,4704.50,53.75,1862918,3984.00,3754.35,0.00,0.00,0.00
2022/1/7,4737.50,4710.25,4748.25,4696.25,52.00,1618440,3984.00,3756.47,0.00,0.00,0.00
2022/1/10,4713.75,4704.75,4724.25,4615.25,109.00,2231980,3984.00,3759.35,0.00,0.00,0.00
2022/1/11,4706.00,4747.50,4750.00,4669.75,80.25,1729004,3984.00,3761.68,0.00,0.00,0.00
2022/1/12,4746.50,4758.75,4782.00,4737.50,44.50,1583216,3984.00,3763.82,0.00,0.00,0.00
2022/1/13,4761.75,4694.50,4778.75,4685.00,93.75,1824612,3984.00,3766.12,0.00,0.00,0.00
2022/1/14,4697.50,4697.25,4709.50,4648.50,61.00,2010610,3984.00,3768.65,0.00,0.00,0.00
2022/1/18,4708.50,4613.75,4714.25,4602.50,111.75,2268240,3984.00,3771.23,0.00,0.00,0.00
2022/1/19,4620.25,4566.75,4645.50,4559.75,85.75,2001348,3984.00,3773.36,0.00,0.00,0.00
2022/1/20,4568.50,4517.25,4636.75,4480.25,156.50,2040704,3984.00,3775.40,0.00,0.00,0.00
2022/1/21,4496.75,4432.50,4529.50,4423.75,105.75,3012106,3984.00,3778.04,0.00,0.00,0.00
2022/1/24,4431.50,4446.25,4470.00,4255.25,214.75,3846785,3984.00,3781.44,0.00,0.00,0.00
2022/1/25,4445.25,4391.50,4449.25,4319.00,130.25,2483392,3984.00,3783.45,0.00,0.00,0.00
2022/1/26,4351.25,4384.00,4488.75,4336.75,152.00,2423103,3984.00,3785.37,0.00,0.00,0.00
2022/1/27,4387.75,4360.25,4464.50,4305.75,158.75,2295458,3984.00,3787.10,0.00,0.00,0.00
2022/1/28,4390.50,4465.75,4468.50,4308.75,159.75,2251268,3984.00,3789.10,0.00,0.00,0.00
2022/1/31,4466.00,4546.75,4550.25,4438.00,112.25,1846145,3984.00,3790.93,0.00,0.00,0.00
2022/2/1,4535.75,4577.50,4597.25,4516.50,80.75,1618163,3984.00,3792.59,0.00,0.00,0.00
2022/2/2,4594.50,4619.75,4628.50,4577.75,50.75,1624220,3984.00,3794.34,0.00,0.00,0.00
2022/2/3,4588.25,4511.50,4590.75,4504.50,86.25,1800714,3984.00,3796.01,0.00,0.00,0.00
2022/2/4,4560.50,4535.00,4575.00,4481.00,94.00,1957881,3984.00,3797.89,0.00,0.00,0.00
2022/2/7,4539.50,4518.25,4557.00,4505.25,51.75,1495143,3984.00,3799.28,0.00,0.00,0.00
2022/2/8,4526.50,4555.00,4566.25,4498.75,67.50,1459766,3984.00,3800.70,0.00,0.00,0.00
2022/2/9,4561.50,4620.25,4627.50,4559.75,67.75,1383317,3984.00,3802.16,0.00,0.00,0.00
2022/2/10,4624.75,4540.00,4626.25,4518.50,107.75,2403026,3984.00,3804.44,0.00,0.00,0.00
2022/2/11,4537.00,4452.00,4563.00,4435.75,127.25,2479025,3984.00,3806.49,0.00,0.00,0.00
2022/2/14,4454.25,4436.50,4470.50,4396.50,74.00,2098618,3984.00,3808.18,0.00,0.00,0.00
2022/2/15,4436.00,4507.00,4510.50,4424.25,86.25,1523305,3984.00,3809.54,0.00,0.00,0.00
2022/2/16,4501.25,4512.50,4527.00,4465.25,61.75,1426847,3984.00,3810.81,0.00,0.00,0.00
2022/2/17,4506.75,4417.00,4517.25,4409.75,107.50,1629730,3984.00,3812.07,0.00,0.00,0.00
2022/2/18,4417.25,4386.00,4454.00,4363.50,90.50,1824590,3984.00,3813.39,0.00,0.00,0.00
2022/2/22,4366.75,4342.50,4433.75,4292.50,141.25,2589159,3984.00,3815.12,0.00,0.00,0.00
2022/2/23,4353.25,4264.50,4388.00,4255.00,133.00,1914227,3984.00,3816.21,0.00,0.00,0.00
2022/2/24,4258.00,4326.50,4332.50,4144.25,188.25,2945330,3984.00,3818.09,0.00,0.00,0.00
2022/2/25,4309.25,4422.50,4426.75,4270.00,156.75,1950397,3984.00,3819.57,0.00,0.00,0.00
2022/2/28,4342.00,4410.50,4428.00,4294.00,134.00,2189820,3984.00,3821.18,0.00,0.00,0.00
2022/3/1,4410.00,4346.25,4441.50,4317.50,124.00,1869277,3984.00,3822.40,0.00,0.00,0.00
2022/3/2,4351.25,4424.25,4441.75,4320.75,121.00,1712970,3984.00,3823.68,0.00,0.00,0.00
2022/3/3,4416.25,4401.75,4461.25,4383.50,77.75,1547676,3984.00,3824.79,0.00,0.00,0.00
2022/3/4,4409.00,4369.75,4417.00,4323.75,93.25,1842722,3984.00,3826.03,0.00,0.00,0.00
2022/3/7,4351.25,4241.00,4367.75,4227.75,140.00,1902001,3984.00,3827.01,0.00,0.00,0.00
2022/3/8,4229.00,4211.25,4317.50,4181.25,136.25,2333021,3984.00,3828.11,0.00,3998.00,0.00
2022/3/9,4195.50,4317.75,4340.75,4194.50,146.25,1659520,3984.00,3829.11,0.00,3998.00,0.00
2022/3/10,4321.50,4299.75,4324.75,4249.50,75.25,1745090,3984.00,3830.11,0.00,3998.00,0.00
2022/3/11,4300.50,4244.25,4378.50,4240.75,137.75,1687623,3984.00,3830.97,0.00,3998.00,0.00
2022/3/14,4258.50,4215.25,4296.50,4204.00,92.50,2062269,3984.00,3831.94,0.00,3998.00,0.00
2022/3/15,4223.00,4305.50,4315.00,4181.25,133.75,2054335,3984.00,3833.12,0.00,3998.00,0.00
2022/3/16,4301.50,4401.25,4419.25,4290.75,128.50,1980647,3984.00,3834.49,0.00,3998.00,0.00
2022/3/17,4412.75,4453.75,4458.50,4372.00,86.50,1442645,3984.00,3835.57,0.00,3998.00,0.00
2022/3/18,4436.00,4505.25,4517.50,4416.25,101.25,1405299,3984.00,3836.71,0.00,3998.00,0.00
2022/3/21,4511.75,4504.00,4524.75,4466.75,58.00,1375090,3984.00,3837.81,0.00,3998.00,0.00
2022/3/22,4508.50,4556.75,4566.50,4484.75,81.75,1205860,3984.00,3838.86,0.00,3998.00,0.00
2022/3/23,4555.75,4499.25,4565.75,4496.50,69.25,1336967,3984.00,3839.92,0.00,3998.00,0.00
2022/3/24,4501.00,4564.25,4569.25,4497.50,71.75,1221569,3984.00,3840.99,0.00,3998.00,0.00
2022/3/25,4568.00,4588.25,4590.75,4545.00,45.75,1251078,3984.00,3842.11,0.00,3998.00,0.00
2022/3/28,4587.00,4619.75,4624.00,4561.50,62.50,1182527,3984.00,3843.21,0.00,3998.00,0.00
2022/3/29,4622.00,4677.25,4682.75,4617.00,65.75,1353683,3984.00,3844.56,0.00,3998.00,0.00
2022/3/30,4673.00,4647.75,4679.25,4626.50,52.75,1206203,3984.00,3845.72,0.00,3998.00,0.00
2022/3/31,4650.75,4582.50,4666.00,4578.00,88.00,1650667,3984.00,3847.17,0.00,3998.00,0.00
2022/4/1,4592.75,4591.00,4607.25,4553.00,54.25,1441126,3984.00,3848.45,0.00,3998.00,0.00
2022/4/4,4590.00,4629.50,4631.75,4579.50,52.25,1025558,3984.00,3849.40,0.00,3998.00,0.00
2022/4/5,4628.00,4572.00,4640.50,4559.50,81.00,1303877,3984.00,3850.52,0.00,3998.00,0.00
2022/4/6,4578.00,4527.50,4580.50,4496.25,84.25,1803684,3984.00,3851.96,0.00,3998.00,0.00
2022/4/7,4523.00,4548.00,4569.00,4496.25,72.75,1446250,3984.00,3853.16,0.00,3998.00,0.00
2022/4/8,4546.50,4535.25,4571.50,4520.50,51.00,1358450,3984.00,3854.25,0.00,3998.00,0.00
2022/4/11,4540.50,4460.75,4543.00,4455.25,87.75,1431371,3984.00,3855.27,0.00,3998.00,0.00
2022/4/12,4462.75,4444.75,4518.50,4427.25,91.25,1739771,3984.00,3856.48,0.00,3998.00,0.00
2022/4/13,4448.50,4494.00,4501.25,4435.75,65.50,1254348,3984.00,3857.42,0.00,3998.00,0.00
2022/4/14,4490.25,4439.25,4507.50,4436.75,70.75,1396074,3984.00,3858.37,0.00,3998.00,0.00
2022/4/18,4441.75,4438.50,4458.00,4407.25,50.75,1149765,3984.00,3859.15,0.00,3998.00,0.00
2022/4/19,4450.75,4511.00,4518.75,4423.50,95.25,1465764,3984.00,3860.27,0.00,3998.00,0.00
2022/4/20,4492.75,4507.25,4536.00,4484.50,51.50,1423396,3984.00,3861.34,0.00,3998.00,0.00
2022/4/21,4519.75,4442.25,4560.75,4431.75,129.00,1704137,3984.00,3862.50,0.00,3998.00,0.00
2022/4/22,4437.50,4319.00,4445.00,4299.25,145.75,2039961,3984.00,3863.58,0.00,3998.00,0.00
2022/4/25,4310.75,4344.50,4348.25,4247.00,101.25,2280374,3984.00,3864.85,0.00,3998.00,0.00
2022/4/26,4345.75,4222.25,4355.25,4188.50,166.75,2018166,3984.00,3865.69,0.00,3998.00,0.00
2022/4/27,4201.25,4232.00,4288.00,4200.75,87.25,2035627,3984.00,3866.55,0.00,3998.00,0.00
2022/4/28,4264.75,4335.25,4355.25,4234.25,121.00,1798644,3984.00,3867.52,0.00,3998.00,0.00
2022/4/29,4295.75,4179.25,4331.50,4170.50,161.00,2117160,3984.00,3868.27,0.00,3998.00,0.00
2022/5/2,4195.75,4202.75,4217.50,4107.75,109.75,2351404,3984.00,3869.17,0.00,3998.00,0.00
2022/5/3,4197.25,4221.00,4247.50,4180.75,66.75,1678497,3984.00,3869.85,0.00,3998.00,0.00
2022/5/4,4223.00,4347.00,4354.75,4194.50,160.25,1783477,3984.00,3870.82,0.00,3998.00,0.00
2022/5/5,4341.50,4195.00,4352.50,4151.00,201.50,2389422,3984.00,3871.70,0.00,3998.00,0.00
2022/5/6,4198.25,4171.25,4205.00,4113.75,91.25,2310919,3984.00,3872.49,0.00,3998.00,0.00
2022/5/9,4139.00,4039.25,4150.75,4021.75,129.00,2139992,3984.00,3872.89,0.00,3998.00,0.00
2022/5/10,4045.00,4048.50,4117.25,4004.75,112.50,2247750,3984.00,3873.34,0.00,3998.00,0.00
2022/5/11,4042.25,3982.00,4102.25,3975.50,126.75,2157244,3984.00,3873.60,0.00,3998.00,0.00
2022/5/12,3991.50,3979.00,4013.50,3906.75,106.75,2380563,3984.00,3873.88,0.00,3998.00,0.00
2022/5/13,3968.00,4071.50,4087.75,3967.25,120.50,1859074,3984.00,3874.29,0.00,3998.00,0.00
2022/5/16,4076.75,4056.50,4095.25,4031.25,64.00,1695198,3984.00,3874.64,0.00,3998.00,0.00
2022/5/17,4053.75,4136.50,4143.25,4052.25,91.00,1716498,3984.00,3875.14,0.00,3998.00,0.00
2022/5/18,4143.00,3974.50,4146.75,3957.25,189.50,2202394,3984.00,3875.39,0.00,3998.00,0.00
2022/5/19,3968.25,3949.50,3995.25,3907.75,87.50,2317604,3984.00,3875.58,0.00,3998.00,0.00
2022/5/20,3952.25,3951.25,4001.25,3859.25,142.00,2408399,3984.00,3875.78,0.00,3998.00,0.00
2022/5/23,3962.25,4023.50,4034.00,3958.25,75.75,1736162,3984.00,3876.06,0.00,3998.00,0.00
2022/5/24,4003.50,3992.25,4006.25,3923.75,82.50,2017453,3984.00,3876.32,0.00,3998.00,0.00
2022/5/25,4001.75,4028.50,4049.50,3965.25,84.25,1744116,3984.00,3876.61,0.00,3998.00,0.00
2022/5/26,4024.00,4107.50,4125.25,4012.25,113.00,1493132,3984.00,3876.99,0.00,3998.00,0.00
2022/5/27,4099.25,4207.50,4220.00,4093.00,127.00,1547507,3984.00,3877.55,0.00,3998.00,0.00
2022/5/31,4216.25,4183.00,4254.00,4154.50,99.50,2222573,3984.00,3878.30,0.00,3998.00,0.00
2022/6/1,4190.25,4150.75,4216.75,4123.25,93.50,1912031,3984.00,3878.87,0.00,3998.00,0.00
2022/6/2,4149.50,4227.00,4230.75,4124.00,106.75,1513748,3984.00,3879.44,0.00,3998.00,0.00
2022/6/3,4229.50,4158.75,4240.75,4148.50,92.25,1532766,3984.00,3879.91,0.00,3998.00,0.00
2022/6/6,4162.25,4172.25,4220.00,4156.25,63.75,1457918,3984.00,3880.37,0.00,3998.00,0.00
2022/6/7,4173.75,4210.50,4215.75,4127.75,88.00,1677883,3984.00,3880.97,0.00,3998.00,0.00
2022/6/8,4202.50,4165.75,4211.75,4157.00,54.75,1706628,3984.00,3881.50,0.00,3998.00,0.00
2022/6/9,4167.75,4068.00,4196.00,4066.50,129.50,2024783,3984.00,3881.91,0.00,3998.00,0.00
2022/6/10,4077.00,3950.75,4081.25,3947.00,134.25,2117225,3984.00,3882.07,0.00,3998.00,0.00
2022/6/13,3927.50,3803.75,3928.75,3785.50,143.25,3162300,3984.00,3881.80,0.00,3998.00,0.00
2022/6/14,3811.00,3790.50,3857.75,3758.75,99.00,2701717,3984.00,3881.53,0.00,3998.00,0.00
2022/6/15,3793.75,3843.75,3893.25,3773.75,119.50,2247431,3984.00,3881.44,0.00,3998.00,0.00
2022/6/16,3849.25,3721.50,3883.50,3692.25,191.25,2476785,3984.00,3881.02,0.00,3998.00,0.00
2022/6/17,3730.75,3726.00,3763.75,3689.25,74.50,2207570,3984.00,3880.66,0.00,3998.00,0.00
2022/6/21,3734.25,3818.00,3834.00,3711.75,122.25,1566039,3984.00,3880.55,0.00,3998.00,0.00
2022/6/22,3816.50,3813.00,3855.75,3743.50,112.25,1660579,3984.00,3880.43,0.00,3998.00,0.00
2022/6/23,3811.50,3850.00,3856.00,3785.25,70.75,1607695,3984.00,3880.38,0.00,3998.00,0.00
2022/6/24,3835.50,3966.50,3970.00,3831.50,138.50,1563128,3984.00,3880.52,0.00,3998.00,0.00
2022/6/27,3965.25,3954.00,3998.25,3942.75,55.50,1497368,3984.00,3880.64,0.00,3998.00,0.00
2022/6/28,3961.50,3875.75,4000.25,3872.00,128.25,1791690,3984.00,3880.63,0.00,3998.00,0.00
2022/6/29,3878.50,3871.50,3890.25,3851.50,38.75,1717770,3984.00,3880.62,0.00,3998.00,0.00
2022/6/30,3873.00,3839.75,3875.25,3791.50,83.75,2394361,3984.00,3880.51,0.00,3998.00,0.00
2022/7/1,3832.25,3877.50,3883.75,3794.75,89.00,1752977,3984.00,3880.51,0.00,3998.00,0.00
2022/7/5,3878.75,3884.25,3908.00,3794.25,113.75,2031501,3984.00,3880.51,0.00,3998.00,0.00
2022/7/6,3888.25,3898.50,3925.25,3859.00,66.25,1684324,3984.00,3880.55,0.00,3998.00,0.00
2022/7/7,3904.00,3955.25,3964.50,3882.75,81.75,1314443,3984.00,3880.65,0.00,3998.00,0.00
2022/7/8,3947.25,3951.50,3972.25,3918.25,54.00,1485497,3984.00,3880.76,0.00,3998.00,0.00
2022/7/11,3950.25,3907.00,3951.00,3900.25,50.75,1486103,3984.00,3880.80,0.00,3998.00,0.00
2022/7/12,3912.25,3874.00,3926.75,3855.00,71.75,1640864,3984.00,3880.79,0.00,3998.00,0.00
2022/7/13,3875.25,3854.75,3923.25,3802.25,121.00,2157968,3984.00,3880.73,0.00,3998.00,0.00
2022/7/14,3846.00,3843.50,3856.50,3774.00,82.50,1916260,3984.00,3880.66,0.00,3998.00,0.00
2022/7/15,3848.00,3915.25,3918.50,3830.50,88.00,1523753,3984.00,3880.71,0.00,3998.00,0.00
2022/7/18,3928.75,3884.00,3959.75,3870.50,89.25,1439590,3984.00,3880.71,0.00,3998.00,0.00
2022/7/19,3888.75,3987.75,3998.25,3884.25,114.00,1611604,3984.00,3880.89,0.00,3998.00,0.00
2022/7/20,3997.25,4012.75,4027.50,3972.50,55.00,1734355,3984.00,3881.13,0.00,3998.00,0.00
2022/7/21,4004.25,4051.50,4055.00,3980.50,74.50,1821097,3984.00,3881.44,0.00,3998.00,0.00
2022/7/22,4038.25,4015.25,4066.50,3991.75,74.75,1736592,3984.00,3881.68,0.00,3998.00,0.00
2022/7/25,4018.00,4020.25,4039.00,3996.25,42.75,1493471,3984.00,3881.89,0.00,3998.00,0.00
2022/7/26,4009.25,3973.50,4014.75,3963.50,51.25,1589161,3984.00,3882.04,0.00,3998.00,0.00
2022/7/27,3989.50,4074.75,4093.00,3989.00,104.00,1740431,3984.00,3882.38,0.00,3998.00,0.00
2022/7/28,4072.25,4123.75,4161.25,4044.75,116.50,2014467,3984.00,3882.87,0.00,3998.00,0.00
2022/7/29,4155.25,4183.75,4194.25,4131.25,63.00,1919598,3984.00,3883.46,0.00,3998.00,0.00
2022/8/1,4187.75,4170.75,4197.50,4147.25,50.25,1776936,3984.00,3883.98,0.00,3998.00,0.00
2022/8/2,4170.00,4144.00,4193.25,4130.75,62.50,1892241,3984.00,3884.47,0.00,3998.00,0.00
2022/8/3,4147.25,4206.50,4220.25,4134.75,85.50,1696602,3984.00,3885.02,0.00,3998.00,0.00
2022/8/4,4200.50,4202.50,4223.50,4186.25,37.25,1245063,3984.00,3885.42,0.00,3998.00,0.00
2022/8/5,4202.25,4197.00,4216.50,4154.00,62.50,1722401,3984.00,3885.96,0.00,3998.00,0.00
2022/8/8,4200.00,4192.00,4238.25,4179.50,58.75,1536449,3984.00,3886.43,0.00,3998.00,0.00
2022/8/9,4198.75,4174.75,4205.25,4163.25,42.00,1280085,3984.00,3886.80,0.00,3998.00,0.00
2022/8/10,4179.00,4260.25,4263.75,4164.00,99.75,1627940,3984.00,3887.41,0.00,3998.00,0.00
2022/8/11,4261.00,4260.00,4310.75,4253.00,57.75,1598130,3984.00,3888.00,0.00,3998.00,0.00
2022/8/12,4269.50,4331.25,4333.00,4258.50,74.50,1300170,3984.00,3888.57,0.00,3998.00,0.00
2022/8/15,4327.25,4348.50,4355.00,4299.25,55.75,1317241,3984.00,3889.18,0.00,3998.00,0.00
2022/8/16,4344.75,4358.00,4377.75,4329.00,48.75,1363248,3984.00,3889.81,0.00,3998.00,0.00
2022/8/17,4359.50,4327.00,4365.25,4305.25,60.00,1638797,3984.00,3890.52,0.00,3998.00,0.00
2022/8/18,4329.75,4336.75,4345.75,4308.25,37.50,1366220,3984.00,3891.13,0.00,3998.00,0.00
2022/8/19,4337.25,4281.75,4338.25,4271.00,67.25,1701251,3984.00,3891.79,0.00,3998.00,0.00
2022/8/22,4271.25,4191.50,4271.75,4181.75,90.00,1724203,3984.00,3892.30,0.00,3998.00,0.00
2022/8/23,4197.25,4180.75,4212.00,4168.25,43.75,1575674,3984.00,3892.74,0.00,3998.00,0.00
2022/8/24,4178.50,4193.00,4208.75,4161.00,47.75,1348612,3984.00,3893.14,0.00,3998.00,0.00
2022/8/25,4199.00,4251.25,4253.00,4193.25,59.75,1635476,3984.00,3893.72,0.00,3998.00,0.00
2022/8/26,4248.50,4109.75,4267.50,4093.00,174.50,2241117,3984.00,3894.19,0.00,3998.00,0.00
2022/8/29,4074.25,4081.50,4114.25,4057.00,57.25,1963446,3984.00,3894.55,0.00,3998.00,0.00
2022/8/30,4086.00,4037.75,4123.00,4014.75,108.25,2555455,3984.00,3894.91,0.00,3998.00,0.00
2022/8/31,4037.50,4006.75,4068.50,4003.25,65.25,2366488,3984.00,3895.17,0.00,3998.00,0.00
2022/9/1,4008.25,4019.00,4021.50,3953.75,67.75,2212034,3984.00,3895.44,0.00,3998.00,0.00
2022/9/2,4017.75,3974.75,4069.50,3956.25,113.25,2510355,3984.00,3895.63,0.00,3998.00,0.00
2022/9/6,3979.25,3960.75,4013.50,3937.00,76.50,2360326,3984.00,3895.78,0.00,3998.00,0.00
2022/9/7,3957.75,4030.25,4039.00,3933.75,105.25,1956209,3984.00,3896.03,0.00,3998.00,0.00
2022/9/8,4030.25,4055.75,4061.75,3993.00,68.75,2356008,3984.00,3896.39,0.00,3998.00,0.00
2022/9/9,4060.50,4117.50,4127.50,4056.00,71.50,1677890,3984.00,3896.75,0.00,3998.00,0.00
2022/9/12,4128.00,4162.00,4169.75,4112.25,57.50,2528311,3984.00,3897.39,0.00,3998.00,0.00
2022/9/13,4169.50,3982.25,4207.00,3970.50,236.50,3207923,3984.00,3897.66,0.00,3998.00,0.00
2022/9/14,3988.75,3997.50,4013.25,3961.00,52.25,2494976,3984.00,3897.89,0.00,3998.00,0.00
2022/9/15,4004.00,3951.25,4009.50,3937.00,72.50,2515924,3984.00,3898.02,0.00,3998.00,0.00
2022/9/16,3936.00,3922.00,3937.00,3885.00,52.00,2688630,3984.00,3898.08,0.00,3998.00,0.00
2022/9/19,3921.50,3949.25,3959.00,3878.25,80.75,2100098,3984.00,3898.18,0.00,3998.00,0.00
2022/9/20,3955.00,3904.75,3968.25,3875.25,93.00,2357296,3984.00,3898.20,0.00,3998.00,0.00
2022/9/21,3910.75,3838.25,3957.25,3824.00,133.25,2440206,3984.00,3898.06,0.00,3998.00,0.00
2022/9/22,3826.00,3804.00,3865.00,3795.50,69.50,2578314,3984.00,3897.83,0.00,3998.00,0.00
2022/9/23,3809.25,3741.00,3815.25,3692.25,123.00,2913560,3984.00,3897.40,0.00,3998.00,0.00
2022/9/26,3737.25,3702.00,3762.50,3689.50,73.00,2899415,3984.00,3896.87,0.00,3998.00,0.00
2022/9/27,3700.00,3693.00,3765.00,3667.25,97.75,2963065,3984.00,3896.31,0.00,3998.00,0.00
2022/9/28,3700.50,3764.00,3783.25,3645.00,138.25,2780935,3984.00,3895.97,0.00,3998.00,0.00
2022/9/29,3762.25,3686.25,3768.00,3654.00,114.00,2860631,3984.00,3895.41,0.00,3998.00,0.00
2022/9/30,3688.50,3633.50,3725.75,3627.25,98.50,2976179,3984.00,3894.69,0.00,3998.00,0.00
2022/10/3,3625.25,3722.25,3743.75,3603.75,140.00,2315515,3984.00,3894.32,0.00,3998.00,0.00
2022/10/4,3728.50,3835.25,3840.75,3718.25,122.50,2381497,3984.00,3894.19,0.00,3998.00,0.00
2022/10/5,3833.00,3826.00,3852.00,3766.00,86.00,2089198,3984.00,3894.06,0.00,3998.00,0.00
2022/10/6,3827.75,3788.75,3851.50,3782.00,69.50,2157569,3984.00,3893.85,0.00,3998.00,0.00
2022/10/7,3777.75,3685.25,3804.00,3664.50,139.50,2238683,3984.00,3893.42,0.00,3998.00,0.00
2022/10/10,3670.75,3657.25,3699.50,3632.00,67.50,2024447,3984.00,3892.98,0.00,3998.00,0.00
2022/10/11,3656.75,3631.25,3685.25,3611.00,74.25,2398140,3984.00,3892.41,0.00,3998.00,0.00
2022/10/12,3639.00,3620.50,3667.25,3617.50,49.75,1948173,3984.00,3891.93,0.00,3998.00,0.00
2022/10/13,3628.25,3713.75,3729.75,3534.00,195.75,3288646,3984.00,3891.39,0.00,3998.00,0.00
2022/10/14,3712.25,3629.50,3765.75,3623.25,142.50,2730405,3984.00,3890.75,0.00,3998.00,0.00
2022/10/17,3623.00,3721.25,3734.50,3622.50,112.00,1951998,3984.00,3890.45,0.00,3998.00,0.00
2022/10/18,3738.25,3764.75,3809.25,3729.25,80.00,2746886,3984.00,3890.14,0.00,3998.00,0.00
2022/10/19,3791.75,3739.25,3806.25,3708.75,97.50,2348844,3984.00,3889.82,0.00,3998.00,0.00
2022/10/20,3740.00,3707.25,3780.00,3698.25,81.75,2403705,3984.00,3889.42,0.00,3998.00,0.00
2022/10/21,3709.75,3796.00,3805.25,3673.50,131.75,2681019,3984.00,3889.20,0.00,3998.00,0.00
2022/10/24,3803.00,3841.25,3854.00,3768.50,85.50,2109780,3984.00,3889.11,0.00,3998.00,0.00
2022/10/25,3835.25,3902.25,3906.25,3822.00,84.25,1836723,3984.00,3889.13,0.00,3998.00,0.00
2022/10/26,3873.00,3873.00,3929.50,3856.25,73.25,2118534,3984.00,3889.10,0.00,3998.00,0.00
2022/10/27,3876.25,3851.50,3902.75,3789.50,113.25,2211786,3984.00,3889.02,0.00,3998.00,0.00
2022/10/28,3830.25,3943.25,3956.25,3808.75,147.50,2084386,3984.00,3889.12,0.00,3998.00,0.00
2022/10/31,3943.50,3915.00,3946.75,3904.25,42.50,2002625,3984.00,3889.17,0.00,3998.00,0.00
2022/11/1,3916.00,3898.00,3960.00,3884.50,75.50,1895614,3984.00,3889.18,0.00,3998.00,0.00
2022/11/2,3895.00,3800.75,3939.00,3792.25,146.75,2210708,3984.00,3889.01,0.00,3998.00,0.00
2022/11/3,3798.75,3759.75,3814.50,3736.25,78.25,1887557,3984.00,3888.80,0.00,3998.00,0.00
2022/11/4,3756.00,3811.50,3837.50,3743.00,94.50,2494788,3984.00,3888.63,0.00,3998.00,0.00
2022/11/7,3782.00,3847.25,3853.75,3770.25,83.50,1483146,3984.00,3888.57,0.00,3998.00,0.00
2022/11/8,3844.75,3867.25,3899.00,3824.75,74.25,1878046,3984.00,3888.54,0.00,3998.00,0.00
2022/11/9,3864.50,3787.50,3880.75,3782.00,98.75,1889153,3984.00,3888.37,0.00,3998.00,0.00
2022/11/10,3789.00,3993.00,4005.50,3783.50,222.00,2408104,3984.00,3888.59,0.00,3998.00,0.00
2022/11/11,4005.00,4032.25,4041.75,3983.00,58.75,1927068,3984.00,3888.83,0.00,3998.00,0.00
2022/11/14,4016.00,3998.00,4049.50,3996.00,53.50,1592615,3984.00,3888.98,0.00,3998.00,0.00
2022/11/15,4006.75,4031.50,4082.75,3992.00,90.75,2230543,3984.00,3889.26,0.00,3998.00,0.00
2022/11/16,4024.00,4000.50,4047.75,3994.00,53.75,1502501,3984.00,3889.41,0.00,3998.00,0.00
2022/11/17,4009.25,3987.25,4022.25,3944.50,77.75,1560808,3984.00,3889.54,0.00,3998.00,0.00
2022/11/18,3992.50,4006.00,4026.00,3974.50,51.50,1534155,3984.00,3889.69,0.00,3998.00,0.00
2022/11/21,4004.50,3990.00,4014.00,3969.50,44.50,1178421,3984.00,3889.80,0.00,3998.00,0.00
2022/11/22,3989.75,4042.25,4044.50,3977.25,67.25,1161999,3984.00,3889.95,0.00,3998.00,0.00
2022/11/23,4042.00,4065.00,4071.50,4034.00,37.50,1281153,3984.00,3890.14,0.00,3998.00,0.00
2022/11/25,4070.75,4064.50,4081.25,4056.75,24.50,608795,3984.00,3890.23,0.00,3998.00,0.00
2022/11/28,4052.25,4002.25,4056.00,3992.25,63.75,1481503,3984.00,3890.38,0.00,3998.00,0.00
2022/11/29,4004.00,3994.00,4022.25,3973.25,49.00,1500171,3984.00,3890.51,0.00,3998.00,0.00
2022/11/30,3994.25,4113.25,4125.50,3974.75,150.75,2479997,3984.00,3890.99,0.00,3998.00,0.00
2022/12/1,4126.50,4113.75,4142.00,4086.50,55.50,1834073,3984.00,3891.34,0.00,3998.00,0.00
2022/12/2,4109.50,4107.50,4117.50,4038.75,78.75,1849784,3984.00,3891.68,0.00,3998.00,0.00
2022/12/5,4106.00,4035.25,4107.75,4019.25,88.50,1497688,3984.00,3891.86,0.00,3998.00,0.00
2022/12/6,4037.75,3977.00,4046.75,3953.50,93.25,1869101,3984.00,3892.00,0.00,3998.00,0.00
2022/12/7,3976.50,3968.75,3993.50,3946.00,47.50,1756473,3984.00,3892.11,0.00,3998.00,0.00
2022/12/8,3967.75,3997.75,4009.25,3948.00,61.25,1708915,3984.00,3892.27,0.00,3998.00,0.00
2022/12/9,3996.75,3968.25,4022.00,3962.00,60.00,1739761,3984.00,3892.38,0.00,3998.00,0.00
2022/12/12,3965.75,4025.00,4026.00,3956.00,70.00,2145805,3984.00,3892.62,0.00,3998.00,0.00
2022/12/13,4022.25,4055.25,4180.00,4017.50,162.50,2864043,3984.00,3893.02,0.00,3998.00,0.00
2022/12/14,4054.50,4030.75,4090.75,3997.00,93.75,1951473,3984.00,3893.24,0.00,3998.00,0.00
2022/12/15,4037.00,3927.25,4043.00,3908.00,135.00,2216621,3984.00,3893.31,0.00,3998.00,0.00
2022/12/16,3920.00,3879.00,3934.50,3855.25,79.25,1965701,3984.00,3893.28,0.00,3998.00,0.00
2022/12/19,3874.00,3845.50,3899.00,3827.25,71.75,1405774,3984.00,3893.23,0.00,3998.00,0.00
2022/12/20,3842.75,3849.25,3866.50,3803.50,63.00,1541868,3984.00,3893.17,0.00,3998.00,0.00
2022/12/21,3857.25,3905.75,3918.75,3855.50,63.25,1522069,3984.00,3893.18,0.00,3998.00,0.00
2022/12/22,3915.00,3849.25,3919.75,3788.50,131.25,1842326,3984.00,3893.12,0.00,3998.00,0.00
2022/12/23,3850.00,3869.75,3872.50,3821.25,51.25,1374913,3984.00,3893.09,0.00,3998.00,0.00
2022/12/27,3878.00,3855.00,3900.50,3837.25,63.25,1006414,3984.00,3893.06,0.00,3998.00,0.00
2022/12/28,3858.00,3807.50,3875.00,3804.50,70.50,1282810,3984.00,3892.97,0.00,3998.00,0.00
2022/12/29,3811.00,3871.75,3882.75,3806.25,76.50,1146984,3984.00,3892.95,0.00,3998.00,0.00
2022/12/30,3869.75,3861.00,3871.00,3821.50,49.50,1401810,3984.00,3892.91,3990.25,3998.00,0.00
2023/1/3,3895.00,3846.00,3906.75,3814.50,92.25,1782473,3984.00,3892.84,3990.25,3998.00,0.00
2023/1/4,3842.75,3874.50,3896.25,3836.50,59.75,1912155,3984.00,3892.81,3990.25,3998.00,0.00
2023/1/5,3871.00,3829.00,3885.50,3822.50,63.00,1679973,3984.00,3892.72,3990.25,3998.00,0.00
2023/1/6,3833.00,3915.50,3928.75,3819.00,109.75,2026154,3984.00,3892.76,3990.25,3998.00,0.00
2023/1/9,3918.50,3913.75,3973.25,3909.75,63.50,1697887,3984.00,3892.79,3990.25,3998.00,0.00
2023/1/10,3914.50,3940.75,3943.75,3891.50,52.25,1520955,3984.00,3892.85,3990.25,3998.00,0.00
2023/1/11,3941.00,3990.00,3992.50,3934.50,58.00,1398769,3984.00,3892.96,3990.25,3998.00,0.00
2023/1/12,3991.75,4003.50,4021.50,3954.00,67.50,2102587,3984.00,3893.15,3990.25,3998.00,0.00
2023/1/13,4003.00,4018.25,4024.25,3961.75,62.50,1456784,3984.00,3893.30,3990.25,3998.00,0.00
2023/1/17,4020.00,4009.50,4035.25,3996.75,38.50,1423931,3984.00,3893.44,3990.25,3998.00,0.00
2023/1/18,4008.50,3945.75,4033.50,3943.75,89.75,1902551,3984.00,3893.52,3990.25,3998.00,0.00
2023/1/19,3945.25,3915.50,3948.75,3901.75,47.00,1896890,3984.00,3893.55,3990.25,3998.00,0.00
2023/1/20,3925.00,3988.50,3990.50,3911.75,78.75,1620355,3984.00,3893.68,3990.25,3998.00,0.00
2023/1/23,3987.00,4036.50,4056.75,3980.25,76.50,1594736,3984.00,3893.87,3990.25,3998.00,0.00
2023/1/24,4036.50,4032.75,4047.50,4005.25,42.25,1472856,3984.00,3894.03,3990.25,3998.00,0.00
2023/1/25,4039.00,4032.00,4040.50,3963.25,77.25,1760515,3984.00,3894.23,3990.25,3998.00,0.00
2023/1/26,4031.00,4075.50,4077.00,4027.25,49.75,1613804,3984.00,3894.47,3990.25,3998.00,0.00
2023/1/27,4065.00,4084.25,4109.25,4057.25,52.00,1587936,3984.00,3894.71,3990.25,3998.00,0.00
2023/1/30,4077.00,4032.50,4086.00,4029.50,56.50,1786112,3984.00,3894.91,3990.25,3998.00,0.00
2023/1/31,4039.25,4090.00,4091.25,4007.50,83.75,1790751,3984.00,3895.20,3990.25,3998.00,0.00
2023/2/1,4085.75,4132.25,4163.25,4048.50,114.75,2000400,3984.00,3895.58,3990.25,3998.00,0.00
2023/2/2,4145.50,4191.50,4208.50,4136.75,71.75,2290729,3984.00,3896.13,3990.25,3998.00,0.00
2023/2/3,4176.00,4147.75,4194.00,4132.50,61.50,2354996,3984.00,3896.61,3990.25,3998.00,0.00
2023/2/6,4134.25,4123.50,4143.00,4104.00,39.00,1560324,3984.00,3896.89,3990.25,3998.00,0.00
2023/2/7,4123.50,4175.75,4188.25,4098.25,90.00,2180936,3984.00,3897.38,3990.25,3998.00,0.00
2023/2/8,4167.25,4130.50,4179.25,4121.25,58.00,1804101,3984.00,3897.72,3990.25,3998.00,0.00
2023/2/9,4132.25,4091.75,4170.25,4078.25,92.00,1828571,3984.00,3898.00,3990.25,3998.00,0.00
2023/2/10,4098.00,4099.75,4104.25,4060.75,43.50,1744956,3984.00,3898.28,3990.25,3998.00,0.00
2023/2/13,4105.00,4147.25,4150.75,4078.75,72.00,1376325,3984.00,3898.56,3990.25,3998.00,0.00
2023/2/14,4149.75,4145.50,4186.50,4103.75,82.75,2379034,3984.00,3899.03,3990.25,3998.00,0.00
2023/2/15,4141.25,4158.25,4161.75,4113.00,48.75,1611550,3984.00,3899.36,3990.25,3998.00,0.00
2023/2/16,4159.00,4099.75,4168.50,4095.00,73.50,2042993,3984.00,3899.68,3990.25,3998.00,0.00
2023/2/17,4095.50,4087.50,4096.00,4055.75,40.25,2008448,3984.00,3899.98,3990.25,3998.00,0.00
2023/2/21,4083.00,4005.75,4089.25,4002.00,87.25,1883040,3984.00,3900.14,3990.25,3998.00,0.00
2023/2/22,4007.50,3999.00,4025.00,3983.75,41.25,1925300,3984.00,3900.29,3990.25,3998.00,0.00
2023/2/23,4010.00,4018.75,4034.25,3974.25,60.00,1955820,3984.00,3900.48,3990.25,3998.00,0.00
2023/2/24,4015.25,3975.75,4023.25,3947.50,75.75,2063242,3984.00,3900.60,3990.25,3998.00,0.00
2023/2/27,3976.50,3988.00,4024.75,3973.00,51.75,1621961,3984.00,3900.71,3990.25,3998.00,0.00
2023/2/28,3991.50,3975.50,4003.75,3965.00,38.75,1847930,3984.00,3900.82,3990.25,3998.00,0.00
2023/3/1,3968.50,3956.50,3991.00,3943.00,48.00,2042321,3984.00,3900.91,3990.25,3998.00,3990.75
2023/3/2,3959.75,3984.75,3995.25,3925.00,70.25,1836555,3984.00,3901.03,3990.25,3998.00,3990.75
2023/3/3,3983.00,4049.75,4053.00,3974.00,79.00,1665102,3984.00,3901.22,3990.25,3998.00,3990.75
2023/3/6,4049.25,4052.50,4082.50,4041.75,40.75,1528845,3984.00,3901.40,3990.25,3998.00,3990.75
2023/3/7,4053.75,3989.75,4064.50,3982.50,82.00,2141615,3984.00,3901.55,3990.25,3998.00,3995.00
